timestamp;macAdress;Identificação-Mainframe;nome1;cpu_perc1;mem_perc1;nome2;cpu_perc2;mem_perc2;nome3;cpu_perc3;mem_perc3;nome4;cpu_perc4;mem_perc4;nome5;cpu_perc5;mem_perc5;nome6;cpu_perc6;mem_perc6;nome7;cpu_perc7;mem_perc7;nome8;cpu_perc8;mem_perc8;nome9;cpu_perc9;mem_perc9;nome10;cpu_perc10;mem_perc10
19-11-2025 11:25:56;146342465155633;Hideo;idea64.exe;15.6;15.23;chrome.exe;0.0;3.6;Code.exe;15.5;3.49;chrome.exe;0.0;2.76;Code.exe;0.0;2.74;jetbrains-toolbox.exe;0.0;2.46;chrome.exe;0.0;2.34;Code.exe;0.0;2.13;MsMpEng.exe;0.0;1.99;Notion.exe;0.0;1.94
19-11-2025 11:25:57;146342465155633;Hideo;idea64.exe;0.0;15.23;chrome.exe;0.0;3.6;Code.exe;15.5;3.5;chrome.exe;0.0;2.76;Code.exe;0.0;2.74;jetbrains-toolbox.exe;0.0;2.46;chrome.exe;0.0;2.34;Code.exe;0.0;2.13;MsMpEng.exe;0.0;2.0;Notion.exe;0.0;1.94
19-11-2025 11:25:58;146342465155633;Hideo;idea64.exe;15.5;15.23;chrome.exe;0.0;3.7;Code.exe;15.6;3.51;chrome.exe;0.0;2.76;Code.exe;0.0;2.74;jetbrains-toolbox.exe;0.0;2.46;chrome.exe;0.0;2.34;Code.exe;0.0;2.13;MsMpEng.exe;0.0;2.02;Notion.exe;0.0;1.94
19-11-2025 11:25:59;146342465155633;Hideo;idea64.exe;0.0;15.23;chrome.exe;0.0;3.7;Code.exe;0.0;3.51;chrome.exe;0.0;2.76;Code.exe;0.0;2.74;jetbrains-toolbox.exe;0.0;2.46;chrome.exe;15.6;2.34;Code.exe;0.0;2.13;MsMpEng.exe;0.0;2.0;Notion.exe;0.0;1.94
19-11-2025 11:26:00;146342465155633;Hideo;idea64.exe;0.0;15.23;chrome.exe;0.0;3.73;Code.exe;15.6;3.52;chrome.exe;0.0;2.74;Code.exe;0.0;2.74;jetbrains-toolbox.exe;0.0;2.46;chrome.exe;0.0;2.34;Code.exe;0.0;2.14;MsMpEng.exe;0.0;2.0;Notion.exe;0.0;1.94
19-11-2025 11:26:01;146342465155633;Hideo;idea64.exe;0.0;15.23;chrome.exe;0.0;3.76;Code.exe;15.6;3.54;chrome.exe;0.0;2.74;Code.exe;0.0;2.74;jetbrains-toolbox.exe;0.0;2.46;chrome.exe;0.0;2.37;Code.exe;0.0;2.15;MsMpEng.exe;28.3;2.06;Notion.exe;0.0;1.94
19-11-2025 11:26:02;146342465155633;Hideo;idea64.exe;0.0;15.23;chrome.exe;0.0;3.75;Code.exe;186.6;3.8;chrome.exe;0.0;2.59;Code.exe;0.0;2.74;jetbrains-toolbox.exe;0.0;2.46;chrome.exe;0.0;2.34;Code.exe;0.0;2.15;MsMpEng.exe;14.5;2.09;Notion.exe;0.0;1.94
19-11-2025 11:26:03;146342465155633;Hideo;idea64.exe;0.0;15.23;chrome.exe;0.0;3.83;Code.exe;171.5;3.84;chrome.exe;0.0;2.59;Code.exe;0.0;2.74;jetbrains-toolbox.exe;0.0;2.46;chrome.exe;0.0;2.34;Code.exe;0.0;2.15;MsMpEng.exe;0.0;2.09;Notion.exe;0.0;1.94
19-11-2025 11:26:04;146342465155633;Hideo;idea64.exe;31.2;15.23;chrome.exe;0.0;3.83;Code.exe;108.7;3.93;chrome.exe;0.0;2.59;Code.exe;0.0;2.74;jetbrains-toolbox.exe;0.0;2.46;chrome.exe;46.8;2.54;Code.exe;0.0;2.15;MsMpEng.exe;0.0;2.02;Notion.exe;0.0;1.94
19-11-2025 11:26:05;146342465155633;Hideo;idea64.exe;0.0;15.23;chrome.exe;0.0;3.84;Code.exe;124.5;3.96;chrome.exe;0.0;2.59;Code.exe;0.0;2.74;jetbrains-toolbox.exe;0.0;2.46;chrome.exe;0.0;2.54;Code.exe;0.0;2.15;MsMpEng.exe;0.0;2.06;Notion.exe;0.0;1.94
19-11-2025 11:26:06;146342465155633;Hideo;idea64.exe;108.6;15.25;chrome.exe;0.0;3.78;Code.exe;140.2;4.01;chrome.exe;0.0;2.59;Code.exe;0.0;2.74;jetbrains-toolbox.exe;0.0;2.46;chrome.exe;0.0;2.4;Code.exe;0.0;2.15;MsMpEng.exe;0.0;2.04;Notion.exe;0.0;1.94
19-11-2025 11:26:07;146342465155633;Hideo;idea64.exe;0.0;15.25;chrome.exe;0.0;3.76;Code.exe;124.6;4.06;chrome.exe;0.0;2.59;Code.exe;0.0;2.74;jetbrains-toolbox.exe;0.0;2.46;chrome.exe;0.0;2.45;Code.exe;0.0;2.15;MsMpEng.exe;0.0;2.04;Notion.exe;0.0;1.94
19-11-2025 11:26:08;146342465155633;Hideo;idea64.exe;0.0;15.25;chrome.exe;0.0;3.55;Code.exe;124.7;4.21;chrome.exe;0.0;2.58;Code.exe;0.0;2.74;jetbrains-toolbox.exe;0.0;2.46;chrome.exe;0.0;2.45;Code.exe;0.0;2.15;MsMpEng.exe;0.0;2.07;Notion.exe;0.0;1.94
19-11-2025 11:26:09;146342465155633;Hideo;idea64.exe;0.0;15.25;chrome.exe;0.0;3.76;Code.exe;124.7;4.32;chrome.exe;0.0;2.58;Code.exe;0.0;2.74;jetbrains-toolbox.exe;0.0;2.46;chrome.exe;0.0;2.45;Code.exe;0.0;2.15;MsMpEng.exe;0.0;2.06;Notion.exe;0.0;1.94
19-11-2025 11:26:10;146342465155633;Hideo;idea64.exe;0.0;15.25;chrome.exe;0.0;3.76;Code.exe;155.9;4.2;chrome.exe;0.0;2.58;Code.exe;0.0;2.74;jetbrains-toolbox.exe;0.0;2.46;chrome.exe;0.0;2.39;Code.exe;0.0;2.15;MsMpEng.exe;0.0;2.06;Notion.exe;0.0;1.94
19-11-2025 11:26:11;146342465155633;Hideo;idea64.exe;0.0;15.25;chrome.exe;0.0;3.76;Code.exe;124.3;4.3;chrome.exe;0.0;2.58;Code.exe;0.0;2.74;jetbrains-toolbox.exe;15.5;2.46;chrome.exe;0.0;2.39;Code.exe;0.0;2.15;MsMpEng.exe;0.0;2.06;Notion.exe;0.0;1.94
19-11-2025 11:26:12;146342465155633;Hideo;idea64.exe;0.0;15.25;chrome.exe;0.0;3.76;Code.exe;93.4;4.24;chrome.exe;0.0;2.58;Code.exe;0.0;2.74;jetbrains-toolbox.exe;0.0;2.46;chrome.exe;0.0;2.39;Code.exe;0.0;2.15;MsMpEng.exe;0.0;2.06;Notion.exe;0.0;1.94
19-11-2025 11:26:13;146342465155633;Hideo;idea64.exe;15.5;15.25;chrome.exe;0.0;3.76;Code.exe;62.3;4.28;chrome.exe;0.0;2.6;Code.exe;0.0;2.74;jetbrains-toolbox.exe;0.0;2.46;chrome.exe;0.0;2.4;Code.exe;0.0;2.15;MsMpEng.exe;0.0;2.06;Notion.exe;0.0;1.94
19-11-2025 11:26:14;146342465155633;Hideo;idea64.exe;0.0;15.25;chrome.exe;0.0;3.92;Code.exe;109.2;4.31;chrome.exe;15.6;2.76;Code.exe;0.0;2.74;jetbrains-toolbox.exe;0.0;2.46;chrome.exe;0.0;2.34;Code.exe;0.0;2.15;MsMpEng.exe;0.0;2.06;Notion.exe;0.0;1.94
19-11-2025 11:26:15;146342465155633;Hideo;idea64.exe;0.0;15.25;chrome.exe;0.0;3.92;Code.exe;93.6;4.35;chrome.exe;0.0;2.77;Code.exe;0.0;2.74;jetbrains-toolbox.exe;0.0;2.46;chrome.exe;0.0;2.34;Code.exe;0.0;2.15;MsMpEng.exe;0.0;2.06;Notion.exe;0.0;1.94
19-11-2025 11:26:16;146342465155633;Hideo;idea64.exe;0.0;15.25;chrome.exe;0.0;3.92;Code.exe;93.6;4.42;chrome.exe;0.0;2.78;Code.exe;0.0;2.74;jetbrains-toolbox.exe;0.0;2.46;chrome.exe;31.2;2.34;Code.exe;0.0;2.15;MsMpEng.exe;0.0;2.06;Notion.exe;0.0;1.94
19-11-2025 11:26:17;146342465155633;Hideo;idea64.exe;0.0;15.25;chrome.exe;0.0;3.92;Code.exe;93.5;4.49;chrome.exe;15.6;2.77;Code.exe;0.0;2.74;jetbrains-toolbox.exe;0.0;2.46;chrome.exe;0.0;2.34;Code.exe;0.0;2.15;MsMpEng.exe;0.0;2.06;Notion.exe;0.0;1.94
19-11-2025 11:26:18;146342465155633;Hideo;idea64.exe;0.0;15.25;chrome.exe;0.0;3.9;Code.exe;108.8;4.49;chrome.exe;31.1;2.79;Code.exe;0.0;2.74;jetbrains-toolbox.exe;0.0;2.46;chrome.exe;15.6;2.34;Code.exe;0.0;2.15;MsMpEng.exe;0.0;2.06;Notion.exe;0.0;1.94
19-11-2025 11:26:19;146342465155633;Hideo;idea64.exe;0.0;15.25;chrome.exe;0.0;3.9;Code.exe;108.8;4.51;chrome.exe;0.0;2.81;Code.exe;0.0;2.74;jetbrains-toolbox.exe;0.0;2.46;chrome.exe;0.0;2.34;Code.exe;0.0;2.15;MsMpEng.exe;0.0;2.06;Notion.exe;0.0;1.94
19-11-2025 11:26:20;146342465155633;Hideo;idea64.exe;0.0;15.25;chrome.exe;0.0;3.9;Code.exe;124.4;4.46;chrome.exe;0.0;2.83;Code.exe;0.0;2.74;jetbrains-toolbox.exe;0.0;2.46;chrome.exe;14.8;2.34;Code.exe;0.0;2.15;MsMpEng.exe;0.0;2.06;Notion.exe;0.0;1.94
19-11-2025 11:26:21;146342465155633;Hideo;idea64.exe;0.0;15.25;chrome.exe;0.0;3.9;Code.exe;83.6;4.47;chrome.exe;0.0;2.83;Code.exe;0.0;2.74;jetbrains-toolbox.exe;0.0;2.46;chrome.exe;0.0;2.34;Code.exe;0.0;2.15;MsMpEng.exe;0.0;2.06;Notion.exe;0.0;1.94
19-11-2025 11:26:23;146342465155633;Hideo;idea64.exe;0.0;15.25;chrome.exe;0.0;3.9;Code.exe;77.8;4.43;chrome.exe;0.0;2.83;Code.exe;0.0;2.74;jetbrains-toolbox.exe;0.0;2.46;chrome.exe;0.0;2.34;Code.exe;0.0;2.15;MsMpEng.exe;0.0;2.05;Notion.exe;0.0;1.94
19-11-2025 11:26:24;146342465155633;Hideo;idea64.exe;0.0;15.26;chrome.exe;46.6;3.93;Code.exe;93.3;4.31;chrome.exe;155.1;3.09;Code.exe;0.0;2.74;jetbrains-toolbox.exe;0.0;2.46;chrome.exe;0.0;2.4;Code.exe;0.0;2.15;MsMpEng.exe;0.0;2.02;Notion.exe;0.0;1.94
19-11-2025 11:26:25;146342465155633;Hideo;idea64.exe;0.0;15.26;chrome.exe;46.5;3.97;Code.exe;93.5;4.45;chrome.exe;15.6;3.22;Code.exe;0.0;2.74;jetbrains-toolbox.exe;0.0;2.46;chrome.exe;0.0;2.4;Code.exe;0.0;2.15;MsMpEng.exe;0.0;2.05;Notion.exe;0.0;1.94
19-11-2025 11:26:26;146342465155633;Hideo;idea64.exe;0.0;15.27;chrome.exe;30.3;3.97;Code.exe;93.5;4.47;chrome.exe;78.0;3.3;Code.exe;0.0;2.74;jetbrains-toolbox.exe;0.0;2.46;chrome.exe;0.0;2.37;Code.exe;0.0;2.15;MsMpEng.exe;0.0;2.02;Notion.exe;0.0;1.94
19-11-2025 11:26:27;146342465155633;Hideo;idea64.exe;0.0;15.27;chrome.exe;0.0;4.08;Code.exe;93.4;4.33;chrome.exe;46.8;3.49;Code.exe;0.0;2.74;jetbrains-toolbox.exe;0.0;2.46;chrome.exe;0.0;2.37;Code.exe;0.0;2.05;MsMpEng.exe;0.0;2.02;Notion.exe;0.0;1.94
19-11-2025 11:26:28;146342465155633;Hideo;idea64.exe;0.0;15.27;chrome.exe;0.0;4.08;Code.exe;77.8;4.35;chrome.exe;31.2;3.64;Code.exe;0.0;2.74;jetbrains-toolbox.exe;0.0;2.46;chrome.exe;0.0;2.37;Code.exe;0.0;2.05;MsMpEng.exe;0.0;2.01;Notion.exe;0.0;1.94
19-11-2025 11:26:29;146342465155633;Hideo;idea64.exe;0.0;15.28;chrome.exe;0.0;4.03;Code.exe;77.9;4.36;chrome.exe;15.6;3.73;Code.exe;0.0;2.74;jetbrains-toolbox.exe;0.0;2.46;chrome.exe;0.0;2.37;Code.exe;0.0;2.05;MsMpEng.exe;0.0;2.02;Notion.exe;0.0;1.94
19-11-2025 11:26:30;146342465155633;Hideo;idea64.exe;0.0;15.28;chrome.exe;0.0;4.01;Code.exe;93.4;4.51;chrome.exe;31.1;3.77;Code.exe;0.0;2.74;jetbrains-toolbox.exe;0.0;2.46;chrome.exe;15.6;2.37;Code.exe;0.0;2.05;MsMpEng.exe;0.0;2.01;Notion.exe;0.0;1.94
19-11-2025 11:26:31;146342465155633;Hideo;idea64.exe;0.0;15.29;chrome.exe;15.6;3.97;Code.exe;109.0;4.37;chrome.exe;46.7;4.14;Code.exe;0.0;2.74;jetbrains-toolbox.exe;0.0;2.46;chrome.exe;31.1;2.37;Code.exe;0.0;2.05;MsMpEng.exe;0.0;2.02;Notion.exe;0.0;1.94
19-11-2025 11:26:32;146342465155633;Hideo;idea64.exe;0.0;15.29;chrome.exe;0.0;3.91;Code.exe;77.7;4.38;chrome.exe;77.8;4.45;Code.exe;0.0;2.74;jetbrains-toolbox.exe;0.0;2.46;chrome.exe;15.6;2.37;Code.exe;0.0;2.05;MsMpEng.exe;0.0;2.01;Notion.exe;0.0;1.94
19-11-2025 11:26:33;146342465155633;Hideo;idea64.exe;0.0;15.3;chrome.exe;0.0;3.86;Code.exe;93.3;4.41;chrome.exe;31.2;4.54;Code.exe;0.0;2.74;jetbrains-toolbox.exe;15.6;2.46;chrome.exe;15.6;2.37;Code.exe;0.0;2.05;MsMpEng.exe;0.0;2.01;Notion.exe;0.0;1.94
19-11-2025 11:26:34;146342465155633;Hideo;idea64.exe;0.0;15.3;chrome.exe;15.5;3.83;Code.exe;295.5;4.39;chrome.exe;0.0;4.57;Code.exe;0.0;2.74;jetbrains-toolbox.exe;0.0;2.46;chrome.exe;0.0;2.37;Code.exe;0.0;2.05;MsMpEng.exe;0.0;2.01;Notion.exe;0.0;1.94
19-11-2025 11:26:35;146342465155633;Hideo;idea64.exe;0.0;15.31;chrome.exe;0.0;3.79;Code.exe;109.0;4.43;chrome.exe;15.5;4.7;Code.exe;0.0;2.74;jetbrains-toolbox.exe;0.0;2.46;chrome.exe;0.0;2.36;Code.exe;0.0;2.05;MsMpEng.exe;0.0;2.01;Notion.exe;0.0;1.94
19-11-2025 11:26:36;146342465155633;Hideo;idea64.exe;0.0;15.31;chrome.exe;62.1;3.77;Code.exe;109.0;4.31;chrome.exe;0.0;4.76;Code.exe;0.0;2.74;jetbrains-toolbox.exe;0.0;2.46;chrome.exe;0.0;2.37;Code.exe;0.0;2.05;MsMpEng.exe;0.0;2.01;Notion.exe;0.0;1.94
19-11-2025 11:26:37;146342465155633;Hideo;idea64.exe;0.0;15.32;chrome.exe;0.0;3.83;Code.exe;93.3;4.32;chrome.exe;0.0;4.84;Code.exe;0.0;2.74;jetbrains-toolbox.exe;0.0;2.46;chrome.exe;15.6;2.37;Code.exe;0.0;2.05;MsMpEng.exe;0.0;2.01;Notion.exe;0.0;1.94
19-11-2025 11:26:38;146342465155633;Hideo;idea64.exe;0.0;15.32;chrome.exe;31.1;3.83;Code.exe;109.0;4.33;chrome.exe;0.0;4.74;Code.exe;0.0;2.74;jetbrains-toolbox.exe;0.0;2.46;chrome.exe;31.2;2.37;Code.exe;0.0;2.05;MsMpEng.exe;0.0;2.01;Notion.exe;0.0;1.94
19-11-2025 11:26:39;146342465155633;Hideo;idea64.exe;0.0;15.33;chrome.exe;0.0;3.83;Code.exe;108.8;4.36;chrome.exe;0.0;4.74;Code.exe;0.0;2.74;jetbrains-toolbox.exe;0.0;2.46;chrome.exe;15.6;2.37;Code.exe;0.0;2.05;MsMpEng.exe;0.0;2.02;Notion.exe;0.0;1.94
19-11-2025 11:26:40;146342465155633;Hideo;idea64.exe;0.0;15.33;chrome.exe;0.0;3.83;Code.exe;109.3;4.38;chrome.exe;15.6;4.76;Code.exe;0.0;2.74;jetbrains-toolbox.exe;0.0;2.46;chrome.exe;0.0;2.37;Code.exe;0.0;2.05;MsMpEng.exe;66.0;2.05;Notion.exe;0.0;1.94
19-11-2025 11:26:41;146342465155633;Hideo;idea64.exe;15.6;13.89;chrome.exe;0.0;3.02;Code.exe;62.3;4.39;chrome.exe;0.0;4.73;Code.exe;0.0;2.56;jetbrains-toolbox.exe;0.0;2.46;chrome.exe;0.0;2.22;Code.exe;0.0;1.94;MsMpEng.exe;54.7;1.94;Notion.exe;15.6;0.9
19-11-2025 11:26:42;146342465155633;Hideo;idea64.exe;0.0;13.47;chrome.exe;0.0;3.02;Code.exe;185.0;4.29;chrome.exe;171.2;4.0;Code.exe;0.0;2.45;jetbrains-toolbox.exe;0.0;2.45;chrome.exe;0.0;2.13;Code.exe;0.0;1.89;MsMpEng.exe;0.0;1.87;Notion.exe;0.0;0.9
19-11-2025 11:26:43;146342465155633;Hideo;idea64.exe;0.0;13.47;chrome.exe;0.0;2.9;Code.exe;124.5;4.29;chrome.exe;218.4;4.15;Code.exe;0.0;2.45;jetbrains-toolbox.exe;0.0;2.45;chrome.exe;0.0;2.13;Code.exe;0.0;1.89;MsMpEng.exe;0.0;1.88;Notion.exe;0.0;0.9
19-11-2025 11:26:44;146342465155633;Hideo;idea64.exe;0.0;13.48;chrome.exe;0.0;2.9;Code.exe;93.5;4.36;chrome.exe;0.0;3.8;Code.exe;0.0;2.45;jetbrains-toolbox.exe;0.0;2.45;chrome.exe;0.0;2.13;Code.exe;0.0;1.89;MsMpEng.exe;0.0;1.88;Notion.exe;0.0;0.9
19-11-2025 11:26:45;146342465155633;Hideo;idea64.exe;0.0;13.48;chrome.exe;0.0;2.89;Code.exe;93.6;4.41;chrome.exe;0.0;3.8;Code.exe;0.0;2.45;jetbrains-toolbox.exe;0.0;2.45;chrome.exe;0.0;2.13;Code.exe;0.0;1.89;MsMpEng.exe;12.7;1.9;Notion.exe;0.0;0.9
19-11-2025 11:26:46;146342465155633;Hideo;idea64.exe;0.0;13.49;chrome.exe;0.0;2.87;Code.exe;108.7;4.33;chrome.exe;0.0;3.8;Code.exe;0.0;2.45;jetbrains-toolbox.exe;31.2;2.45;chrome.exe;0.0;2.13;Code.exe;0.0;1.89;MsMpEng.exe;0.0;1.9;Notion.exe;0.0;0.9
19-11-2025 11:26:47;146342465155633;Hideo;idea64.exe;0.0;13.49;chrome.exe;0.0;2.87;Code.exe;93.6;4.31;chrome.exe;0.0;3.8;Code.exe;0.0;2.45;jetbrains-toolbox.exe;0.0;2.45;chrome.exe;0.0;2.13;Code.exe;0.0;1.89;MsMpEng.exe;0.0;1.9;Notion.exe;0.0;0.9
19-11-2025 11:26:48;146342465155633;Hideo;idea64.exe;0.0;13.5;chrome.exe;0.0;2.87;Code.exe;107.5;4.38;chrome.exe;0.0;3.8;Code.exe;0.0;2.45;jetbrains-toolbox.exe;0.0;2.45;chrome.exe;0.0;2.14;Code.exe;0.0;1.89;MsMpEng.exe;0.0;1.9;Notion.exe;0.0;0.9
19-11-2025 11:26:50;146342465155633;Hideo;idea64.exe;0.0;13.5;chrome.exe;0.0;2.94;Code.exe;108.8;4.28;chrome.exe;0.0;3.75;Code.exe;0.0;2.45;jetbrains-toolbox.exe;0.0;2.45;chrome.exe;15.5;2.13;Code.exe;0.0;1.89;MsMpEng.exe;0.0;1.9;Notion.exe;0.0;0.9
19-11-2025 11:26:51;146342465155633;Hideo;idea64.exe;0.0;13.51;chrome.exe;0.0;2.95;Code.exe;93.2;4.29;chrome.exe;0.0;3.72;Code.exe;0.0;2.45;jetbrains-toolbox.exe;0.0;2.45;chrome.exe;0.0;2.13;Code.exe;0.0;1.89;MsMpEng.exe;0.0;1.9;Notion.exe;0.0;0.9
19-11-2025 11:26:52;146342465155633;Hideo;idea64.exe;0.0;13.51;chrome.exe;15.5;2.95;Code.exe;93.5;4.25;chrome.exe;0.0;3.72;Code.exe;0.0;2.45;jetbrains-toolbox.exe;0.0;2.45;chrome.exe;0.0;2.13;Code.exe;0.0;1.89;MsMpEng.exe;0.0;1.9;Notion.exe;0.0;0.9
19-11-2025 11:26:53;146342465155633;Hideo;idea64.exe;0.0;13.52;chrome.exe;62.2;2.95;Code.exe;108.8;4.26;chrome.exe;15.5;3.73;Code.exe;0.0;2.45;jetbrains-toolbox.exe;0.0;2.45;chrome.exe;0.0;2.13;Code.exe;0.0;1.89;MsMpEng.exe;0.0;1.9;Notion.exe;0.0;0.91
19-11-2025 11:26:54;146342465155633;Hideo;idea64.exe;0.0;13.52;chrome.exe;0.0;2.95;Code.exe;93.2;4.27;chrome.exe;0.0;3.73;Code.exe;0.0;2.45;jetbrains-toolbox.exe;0.0;2.45;chrome.exe;31.1;2.13;Code.exe;0.0;1.89;MsMpEng.exe;0.0;1.88;Notion.exe;0.0;0.91
19-11-2025 11:26:55;146342465155633;Hideo;idea64.exe;0.0;13.53;chrome.exe;15.6;3.0;Code.exe;124.6;4.28;chrome.exe;46.7;3.73;Code.exe;0.0;2.45;jetbrains-toolbox.exe;0.0;2.45;chrome.exe;31.2;2.13;Code.exe;0.0;1.89;MsMpEng.exe;0.0;1.88;Notion.exe;0.0;0.91
19-11-2025 11:26:56;146342465155633;Hideo;idea64.exe;0.0;13.55;chrome.exe;15.5;3.0;Code.exe;93.4;4.29;chrome.exe;15.6;3.73;Code.exe;0.0;2.45;jetbrains-toolbox.exe;0.0;2.45;chrome.exe;15.6;2.16;Code.exe;0.0;1.89;MsMpEng.exe;0.0;1.88;Notion.exe;0.0;0.91
19-11-2025 11:26:57;146342465155633;Hideo;idea64.exe;0.0;13.56;chrome.exe;0.0;3.0;Code.exe;139.5;4.26;chrome.exe;15.6;3.74;Code.exe;0.0;2.45;jetbrains-toolbox.exe;0.0;2.45;chrome.exe;0.0;2.16;Code.exe;0.0;1.89;MsMpEng.exe;0.0;1.88;Notion.exe;0.0;0.91
19-11-2025 11:26:58;146342465155633;Hideo;idea64.exe;0.0;13.56;chrome.exe;0.0;3.0;Code.exe;109.1;4.26;chrome.exe;0.0;3.74;Code.exe;0.0;2.45;jetbrains-toolbox.exe;0.0;2.45;chrome.exe;0.0;2.13;Code.exe;0.0;1.89;MsMpEng.exe;0.0;1.88;Notion.exe;0.0;0.91
19-11-2025 11:26:59;146342465155633;Hideo;idea64.exe;0.0;13.57;chrome.exe;0.0;3.0;Code.exe;93.6;4.27;chrome.exe;0.0;3.74;Code.exe;0.0;2.45;jetbrains-toolbox.exe;0.0;2.45;chrome.exe;0.0;2.13;Code.exe;0.0;1.89;MsMpEng.exe;14.4;1.88;Notion.exe;0.0;0.91
19-11-2025 11:27:00;146342465155633;Hideo;idea64.exe;0.0;13.57;chrome.exe;31.0;3.0;Code.exe;93.4;4.22;chrome.exe;0.0;3.74;Code.exe;0.0;2.45;jetbrains-toolbox.exe;0.0;2.45;chrome.exe;0.0;2.13;Code.exe;0.0;1.89;MsMpEng.exe;0.0;1.88;Notion.exe;0.0;0.91
19-11-2025 11:27:01;146342465155633;Hideo;idea64.exe;0.0;13.58;chrome.exe;62.4;3.0;Code.exe;124.5;4.23;chrome.exe;0.0;3.74;Code.exe;0.0;2.45;jetbrains-toolbox.exe;0.0;2.45;chrome.exe;0.0;2.13;Code.exe;0.0;1.89;MsMpEng.exe;0.0;1.88;Notion.exe;0.0;0.91
19-11-2025 11:27:02;146342465155633;Hideo;idea64.exe;0.0;13.58;chrome.exe;15.6;3.01;Code.exe;93.5;4.38;chrome.exe;46.8;3.75;Code.exe;0.0;2.45;jetbrains-toolbox.exe;0.0;2.45;chrome.exe;0.0;2.13;Code.exe;0.0;1.89;MsMpEng.exe;0.0;1.88;Notion.exe;0.0;0.91
19-11-2025 11:27:03;146342465155633;Hideo;idea64.exe;0.0;13.59;chrome.exe;0.0;3.01;Code.exe;93.3;4.39;chrome.exe;15.6;3.76;Code.exe;0.0;2.45;jetbrains-toolbox.exe;0.0;2.45;chrome.exe;15.6;2.13;Code.exe;0.0;1.89;MsMpEng.exe;0.0;1.88;Notion.exe;0.0;0.91
19-11-2025 11:27:04;146342465155633;Hideo;idea64.exe;93.5;13.69;chrome.exe;0.0;3.01;Code.exe;93.3;4.25;chrome.exe;15.6;3.76;Code.exe;0.0;2.45;jetbrains-toolbox.exe;0.0;2.45;chrome.exe;0.0;2.12;Code.exe;0.0;1.89;MsMpEng.exe;0.0;1.73;Notion.exe;0.0;0.91
19-11-2025 11:27:05;146342465155633;Hideo;idea64.exe;0.0;13.7;chrome.exe;0.0;3.0;Code.exe;108.9;4.43;chrome.exe;0.0;3.76;Code.exe;0.0;2.45;jetbrains-toolbox.exe;0.0;2.45;chrome.exe;0.0;2.12;Code.exe;0.0;1.89;MsMpEng.exe;0.0;1.79;Notion.exe;0.0;0.91
19-11-2025 11:27:06;146342465155633;Hideo;idea64.exe;15.6;13.71;chrome.exe;0.0;3.0;Code.exe;109.0;4.44;chrome.exe;0.0;3.74;Code.exe;0.0;2.45;jetbrains-toolbox.exe;0.0;2.45;chrome.exe;0.0;2.12;Code.exe;0.0;1.89;MsMpEng.exe;0.0;1.81;Notion.exe;0.0;0.91
19-11-2025 11:27:07;146342465155633;Hideo;idea64.exe;0.0;13.71;chrome.exe;0.0;3.0;Code.exe;93.6;4.32;chrome.exe;0.0;3.74;Code.exe;0.0;2.45;jetbrains-toolbox.exe;0.0;2.45;chrome.exe;0.0;2.12;Code.exe;0.0;1.89;MsMpEng.exe;0.0;1.81;Notion.exe;0.0;0.91
19-11-2025 11:27:08;146342465155633;Hideo;idea64.exe;0.0;13.71;chrome.exe;0.0;3.01;Code.exe;108.8;4.28;chrome.exe;0.0;3.74;Code.exe;0.0;2.45;jetbrains-toolbox.exe;0.0;2.45;chrome.exe;0.0;2.12;Code.exe;0.0;1.89;MsMpEng.exe;0.0;1.81;Notion.exe;0.0;0.91
19-11-2025 11:27:09;146342465155633;Hideo;idea64.exe;0.0;13.72;chrome.exe;0.0;3.0;Code.exe;93.4;4.4;chrome.exe;0.0;3.74;Code.exe;0.0;2.45;jetbrains-toolbox.exe;0.0;2.45;chrome.exe;0.0;2.12;Code.exe;0.0;1.89;MsMpEng.exe;0.0;1.81;Notion.exe;0.0;0.91
19-11-2025 11:27:10;146342465155633;Hideo;idea64.exe;0.0;13.72;chrome.exe;0.0;3.0;Code.exe;93.6;4.32;chrome.exe;15.6;3.74;Code.exe;0.0;2.45;jetbrains-toolbox.exe;0.0;2.45;chrome.exe;0.0;2.12;Code.exe;0.0;1.89;MsMpEng.exe;0.0;1.81;Notion.exe;0.0;0.91
19-11-2025 11:27:11;146342465155633;Hideo;idea64.exe;0.0;13.73;chrome.exe;0.0;3.0;Code.exe;93.6;4.37;chrome.exe;0.0;3.74;Code.exe;0.0;2.45;jetbrains-toolbox.exe;0.0;2.45;chrome.exe;0.0;2.12;Code.exe;0.0;1.89;MsMpEng.exe;0.0;1.81;Notion.exe;0.0;0.91
19-11-2025 11:27:12;146342465155633;Hideo;idea64.exe;0.0;13.73;chrome.exe;0.0;3.01;Code.exe;108.8;4.21;chrome.exe;0.0;3.74;Code.exe;0.0;2.45;jetbrains-toolbox.exe;0.0;2.45;chrome.exe;15.6;2.12;Code.exe;0.0;1.89;MsMpEng.exe;0.0;1.81;Notion.exe;0.0;0.91
19-11-2025 11:27:13;146342465155633;Hideo;idea64.exe;0.0;13.74;chrome.exe;0.0;3.01;Code.exe;93.3;4.27;chrome.exe;0.0;3.74;Code.exe;0.0;2.45;jetbrains-toolbox.exe;0.0;2.45;chrome.exe;15.6;2.12;Code.exe;0.0;1.89;MsMpEng.exe;28.8;1.81;Notion.exe;0.0;0.91
19-11-2025 11:27:14;146342465155633;Hideo;idea64.exe;0.0;13.74;chrome.exe;31.1;3.01;Code.exe;124.5;4.28;chrome.exe;0.0;3.74;Code.exe;0.0;2.45;jetbrains-toolbox.exe;0.0;2.45;chrome.exe;15.6;2.12;Code.exe;0.0;1.89;MsMpEng.exe;0.0;1.81;Notion.exe;0.0;0.91
19-11-2025 11:27:15;146342465155633;Hideo;idea64.exe;0.0;13.75;chrome.exe;0.0;3.01;Code.exe;93.5;4.29;chrome.exe;0.0;3.75;Code.exe;0.0;2.45;jetbrains-toolbox.exe;0.0;2.45;chrome.exe;0.0;2.12;Code.exe;0.0;1.89;MsMpEng.exe;0.0;1.81;Notion.exe;0.0;0.91
19-11-2025 11:27:16;146342465155633;Hideo;idea64.exe;0.0;13.75;chrome.exe;0.0;3.01;Code.exe;77.9;4.25;chrome.exe;0.0;3.75;Code.exe;0.0;2.45;jetbrains-toolbox.exe;0.0;2.45;chrome.exe;0.0;2.12;Code.exe;0.0;1.89;MsMpEng.exe;0.0;1.81;Notion.exe;0.0;0.91
19-11-2025 11:27:17;146342465155633;Hideo;idea64.exe;0.0;13.76;chrome.exe;0.0;3.01;Code.exe;124.5;4.27;chrome.exe;0.0;3.75;Code.exe;0.0;2.45;jetbrains-toolbox.exe;0.0;2.45;chrome.exe;31.1;2.12;Code.exe;0.0;1.89;MsMpEng.exe;0.0;1.82;Notion.exe;0.0;0.91
19-11-2025 11:27:18;146342465155633;Hideo;idea64.exe;0.0;13.76;chrome.exe;0.0;3.01;Code.exe;109.1;4.3;chrome.exe;15.6;3.74;Code.exe;0.0;2.45;jetbrains-toolbox.exe;0.0;2.45;chrome.exe;15.6;2.12;Code.exe;0.0;1.89;MsMpEng.exe;0.0;1.82;Notion.exe;0.0;0.91
19-11-2025 11:27:20;146342465155633;Hideo;idea64.exe;0.0;13.77;chrome.exe;0.0;3.01;Code.exe;108.8;4.31;chrome.exe;0.0;3.75;Code.exe;0.0;2.45;jetbrains-toolbox.exe;0.0;2.45;chrome.exe;0.0;2.12;Code.exe;0.0;1.89;MsMpEng.exe;0.0;1.82;Notion.exe;0.0;0.91
19-11-2025 11:27:21;146342465155633;Hideo;idea64.exe;0.0;13.77;chrome.exe;15.6;3.01;Code.exe;108.8;4.29;chrome.exe;0.0;3.75;Code.exe;0.0;2.45;jetbrains-toolbox.exe;0.0;2.45;chrome.exe;0.0;2.12;Code.exe;0.0;1.89;MsMpEng.exe;0.0;1.82;Notion.exe;0.0;0.91
19-11-2025 11:27:22;146342465155633;Hideo;idea64.exe;0.0;13.78;chrome.exe;0.0;3.01;Code.exe;109.3;4.43;chrome.exe;0.0;3.75;Code.exe;0.0;2.45;jetbrains-toolbox.exe;0.0;2.45;chrome.exe;15.5;2.12;Code.exe;0.0;1.89;MsMpEng.exe;0.0;1.82;Notion.exe;0.0;0.91
19-11-2025 11:27:23;146342465155633;Hideo;idea64.exe;15.6;13.78;chrome.exe;0.0;3.01;Code.exe;109.1;4.25;chrome.exe;0.0;3.74;Code.exe;0.0;2.45;jetbrains-toolbox.exe;0.0;2.45;chrome.exe;0.0;2.12;Code.exe;0.0;1.89;MsMpEng.exe;0.0;1.82;Notion.exe;0.0;0.91
19-11-2025 11:27:24;146342465155633;Hideo;idea64.exe;0.0;13.79;chrome.exe;0.0;3.01;Code.exe;108.8;4.25;chrome.exe;0.0;3.75;Code.exe;0.0;2.45;jetbrains-toolbox.exe;0.0;2.45;chrome.exe;0.0;2.13;Code.exe;0.0;1.89;MsMpEng.exe;0.0;1.82;Notion.exe;0.0;0.92
19-11-2025 11:27:25;146342465155633;Hideo;idea64.exe;0.0;13.79;chrome.exe;15.5;3.01;Code.exe;93.4;4.2;chrome.exe;0.0;3.75;Code.exe;0.0;2.45;jetbrains-toolbox.exe;0.0;2.45;chrome.exe;15.5;2.13;Code.exe;0.0;1.89;MsMpEng.exe;0.0;1.82;Notion.exe;0.0;0.92
19-11-2025 11:27:26;146342465155633;Hideo;idea64.exe;0.0;13.8;chrome.exe;0.0;3.01;Code.exe;109.2;4.35;chrome.exe;0.0;3.75;Code.exe;0.0;2.45;jetbrains-toolbox.exe;0.0;2.45;chrome.exe;15.6;2.13;Code.exe;0.0;1.89;MsMpEng.exe;0.0;1.82;Notion.exe;0.0;0.92
19-11-2025 11:27:27;146342465155633;Hideo;idea64.exe;0.0;13.8;chrome.exe;0.0;3.01;Code.exe;93.2;4.22;chrome.exe;0.0;3.75;Code.exe;0.0;2.45;jetbrains-toolbox.exe;0.0;2.45;chrome.exe;0.0;2.13;Code.exe;0.0;1.89;MsMpEng.exe;0.0;1.82;Notion.exe;0.0;0.92
19-11-2025 11:27:28;146342465155633;Hideo;idea64.exe;0.0;13.81;chrome.exe;31.2;3.01;Code.exe;109.2;4.23;chrome.exe;0.0;3.75;Code.exe;15.6;2.45;jetbrains-toolbox.exe;0.0;2.45;chrome.exe;0.0;2.16;Code.exe;0.0;1.89;MsMpEng.exe;0.0;1.84;Notion.exe;0.0;0.92
19-11-2025 11:27:29;146342465155633;Hideo;idea64.exe;0.0;13.81;chrome.exe;15.6;3.01;Code.exe;109.2;4.33;chrome.exe;0.0;3.75;Code.exe;0.0;2.45;jetbrains-toolbox.exe;0.0;2.45;chrome.exe;0.0;2.16;Code.exe;0.0;1.89;MsMpEng.exe;0.0;1.87;Notion.exe;0.0;0.92
19-11-2025 11:27:30;146342465155633;Hideo;idea64.exe;0.0;13.82;chrome.exe;15.6;3.01;Code.exe;93.3;4.26;chrome.exe;0.0;3.75;Code.exe;0.0;2.45;jetbrains-toolbox.exe;0.0;2.45;chrome.exe;0.0;2.14;Code.exe;0.0;1.89;MsMpEng.exe;0.0;1.86;Notion.exe;0.0;0.92
19-11-2025 11:27:31;146342465155633;Hideo;idea64.exe;0.0;13.82;chrome.exe;0.0;3.01;Code.exe;93.5;4.27;chrome.exe;46.3;3.74;Code.exe;0.0;2.45;jetbrains-toolbox.exe;0.0;2.45;chrome.exe;15.6;2.14;Code.exe;0.0;1.89;MsMpEng.exe;0.0;1.9;Notion.exe;0.0;0.92
19-11-2025 11:27:32;146342465155633;Hideo;idea64.exe;0.0;13.83;chrome.exe;0.0;3.02;Code.exe;93.3;4.31;chrome.exe;0.0;3.75;Code.exe;0.0;2.45;jetbrains-toolbox.exe;0.0;2.45;chrome.exe;15.6;2.2;Code.exe;0.0;1.89;MsMpEng.exe;0.0;1.87;Notion.exe;0.0;0.92
19-11-2025 11:27:33;146342465155633;Hideo;idea64.exe;0.0;13.83;chrome.exe;0.0;3.02;Code.exe;109.1;4.28;chrome.exe;15.6;3.76;Code.exe;0.0;2.45;jetbrains-toolbox.exe;0.0;2.45;chrome.exe;0.0;2.2;Code.exe;0.0;1.89;MsMpEng.exe;0.0;1.89;Notion.exe;0.0;0.92
19-11-2025 11:27:34;146342465155633;Hideo;idea64.exe;0.0;13.84;chrome.exe;15.6;3.02;Code.exe;109.1;4.3;chrome.exe;0.0;3.76;Code.exe;0.0;2.45;jetbrains-toolbox.exe;0.0;2.45;chrome.exe;15.6;2.16;Code.exe;0.0;1.89;MsMpEng.exe;0.0;1.87;Notion.exe;0.0;0.92
19-11-2025 11:27:35;146342465155633;Hideo;idea64.exe;0.0;13.84;chrome.exe;31.1;3.02;Code.exe;77.7;4.44;chrome.exe;0.0;3.76;Code.exe;0.0;2.45;jetbrains-toolbox.exe;0.0;2.45;chrome.exe;0.0;2.16;Code.exe;0.0;1.89;MsMpEng.exe;0.0;1.87;Notion.exe;0.0;0.92
19-11-2025 11:27:36;146342465155633;Hideo;idea64.exe;0.0;13.85;chrome.exe;0.0;3.02;Code.exe;108.7;4.27;chrome.exe;0.0;3.76;Code.exe;0.0;2.45;jetbrains-toolbox.exe;0.0;2.45;chrome.exe;15.5;2.16;Code.exe;0.0;1.89;MsMpEng.exe;0.0;1.87;Notion.exe;0.0;0.92
19-11-2025 11:27:37;146342465155633;Hideo;idea64.exe;0.0;13.85;chrome.exe;93.5;3.02;Code.exe;93.4;4.2;chrome.exe;31.1;3.76;Code.exe;0.0;2.46;jetbrains-toolbox.exe;0.0;2.45;chrome.exe;0.0;2.16;Code.exe;0.0;1.89;MsMpEng.exe;0.0;1.87;Notion.exe;0.0;0.92
19-11-2025 11:27:38;146342465155633;Hideo;idea64.exe;0.0;13.86;chrome.exe;31.2;3.02;Code.exe;93.6;4.35;chrome.exe;0.0;3.76;Code.exe;0.0;2.46;jetbrains-toolbox.exe;0.0;2.45;chrome.exe;15.5;2.16;Code.exe;0.0;1.89;MsMpEng.exe;0.0;1.87;Notion.exe;0.0;0.92
19-11-2025 11:27:39;146342465155633;Hideo;idea64.exe;0.0;13.86;chrome.exe;31.1;3.02;Code.exe;108.8;4.23;chrome.exe;0.0;3.75;Code.exe;0.0;2.46;jetbrains-toolbox.exe;0.0;2.45;chrome.exe;0.0;2.16;Code.exe;0.0;1.89;MsMpEng.exe;0.0;1.87;Notion.exe;0.0;0.92
19-11-2025 11:27:40;146342465155633;Hideo;idea64.exe;0.0;13.87;chrome.exe;0.0;3.02;Code.exe;90.3;4.24;chrome.exe;15.6;3.8;Code.exe;0.0;2.46;jetbrains-toolbox.exe;0.0;2.45;chrome.exe;31.2;2.18;Code.exe;0.0;1.89;MsMpEng.exe;0.0;1.87;Notion.exe;0.0;0.92
19-11-2025 11:27:41;146342465155633;Hideo;idea64.exe;0.0;13.87;chrome.exe;0.0;3.02;Code.exe;78.1;4.23;chrome.exe;0.0;3.8;Code.exe;0.0;2.46;jetbrains-toolbox.exe;0.0;2.45;chrome.exe;0.0;2.18;Code.exe;0.0;1.89;MsMpEng.exe;0.0;1.87;Notion.exe;0.0;0.92
19-11-2025 11:27:42;146342465155633;Hideo;idea64.exe;0.0;13.87;chrome.exe;31.1;3.02;Code.exe;93.5;4.25;chrome.exe;15.6;3.8;Code.exe;0.0;2.46;jetbrains-toolbox.exe;0.0;2.45;chrome.exe;15.6;2.16;Code.exe;0.0;1.89;MsMpEng.exe;0.0;1.87;Notion.exe;0.0;0.92
19-11-2025 11:27:43;146342465155633;Hideo;idea64.exe;0.0;13.88;chrome.exe;0.0;3.02;Code.exe;46.8;4.26;chrome.exe;15.6;3.76;Code.exe;0.0;2.46;jetbrains-toolbox.exe;0.0;2.45;chrome.exe;15.6;2.16;Code.exe;0.0;1.89;MsMpEng.exe;0.0;1.87;Notion.exe;0.0;0.92
19-11-2025 11:27:44;146342465155633;Hideo;idea64.exe;0.0;13.89;chrome.exe;0.0;3.02;Code.exe;91.8;4.27;chrome.exe;0.0;3.76;Code.exe;0.0;2.46;jetbrains-toolbox.exe;0.0;2.45;chrome.exe;0.0;2.17;Code.exe;0.0;1.89;MsMpEng.exe;0.0;1.87;Notion.exe;0.0;0.92
19-11-2025 11:27:45;146342465155633;Hideo;idea64.exe;0.0;13.89;chrome.exe;0.0;3.08;Code.exe;124.8;4.27;chrome.exe;15.6;3.77;Code.exe;0.0;2.46;jetbrains-toolbox.exe;0.0;2.45;chrome.exe;0.0;2.17;Code.exe;0.0;1.89;MsMpEng.exe;0.0;1.88;Notion.exe;0.0;0.92
19-11-2025 11:27:46;146342465155633;Hideo;idea64.exe;0.0;13.9;chrome.exe;0.0;3.08;Code.exe;124.4;4.29;chrome.exe;46.7;3.79;Code.exe;0.0;2.46;jetbrains-toolbox.exe;0.0;2.45;chrome.exe;0.0;2.18;Code.exe;0.0;1.89;MsMpEng.exe;0.0;1.84;Notion.exe;0.0;0.92
19-11-2025 11:27:48;146342465155633;Hideo;idea64.exe;0.0;13.9;chrome.exe;0.0;3.09;Code.exe;93.3;4.43;chrome.exe;31.2;3.77;Code.exe;0.0;2.46;jetbrains-toolbox.exe;0.0;2.45;chrome.exe;0.0;2.18;Code.exe;0.0;1.89;MsMpEng.exe;0.0;1.84;Notion.exe;0.0;0.92
19-11-2025 11:27:49;146342465155633;Hideo;idea64.exe;0.0;13.91;chrome.exe;0.0;3.09;Code.exe;312.0;4.4;chrome.exe;0.0;3.77;Code.exe;0.0;2.46;jetbrains-toolbox.exe;0.0;2.45;chrome.exe;0.0;2.18;Code.exe;0.0;1.89;MsMpEng.exe;0.0;1.84;Notion.exe;0.0;0.92
19-11-2025 11:27:50;146342465155633;Hideo;idea64.exe;0.0;13.91;chrome.exe;0.0;3.08;Code.exe;93.2;4.2;chrome.exe;15.6;3.78;Code.exe;0.0;2.46;jetbrains-toolbox.exe;0.0;2.45;chrome.exe;0.0;2.18;Code.exe;0.0;1.89;MsMpEng.exe;0.0;1.88;Notion.exe;0.0;0.92
19-11-2025 11:27:51;146342465155633;Hideo;idea64.exe;0.0;13.92;chrome.exe;0.0;3.08;Code.exe;109.2;4.22;chrome.exe;0.0;3.78;Code.exe;0.0;2.46;jetbrains-toolbox.exe;0.0;2.45;chrome.exe;0.0;2.18;Code.exe;0.0;1.89;MsMpEng.exe;0.0;1.88;Notion.exe;0.0;0.92
19-11-2025 11:27:52;146342465155633;Hideo;idea64.exe;0.0;13.92;chrome.exe;0.0;3.08;Code.exe;93.4;4.23;chrome.exe;30.9;3.77;Code.exe;0.0;2.46;jetbrains-toolbox.exe;0.0;2.45;chrome.exe;0.0;2.18;Code.exe;0.0;1.89;MsMpEng.exe;0.0;1.88;Notion.exe;0.0;0.92
19-11-2025 11:27:53;146342465155633;Hideo;idea64.exe;0.0;13.92;chrome.exe;0.0;3.08;Code.exe;93.5;4.25;chrome.exe;31.1;3.77;Code.exe;0.0;2.46;jetbrains-toolbox.exe;0.0;2.45;chrome.exe;0.0;2.18;Code.exe;0.0;1.89;MsMpEng.exe;0.0;1.88;Notion.exe;0.0;0.92
19-11-2025 11:27:54;146342465155633;Hideo;idea64.exe;0.0;13.93;chrome.exe;0.0;3.09;Code.exe;124.9;4.23;chrome.exe;0.0;3.77;Code.exe;0.0;2.46;jetbrains-toolbox.exe;0.0;2.45;chrome.exe;0.0;2.18;Code.exe;0.0;1.89;MsMpEng.exe;0.0;1.88;Notion.exe;0.0;0.92
19-11-2025 11:27:55;146342465155633;Hideo;idea64.exe;0.0;13.93;chrome.exe;0.0;3.09;Code.exe;109.0;4.25;chrome.exe;0.0;3.77;Code.exe;0.0;2.46;jetbrains-toolbox.exe;0.0;2.45;chrome.exe;0.0;2.18;Code.exe;0.0;1.89;MsMpEng.exe;0.0;1.88;Notion.exe;0.0;0.92
19-11-2025 11:27:56;146342465155633;Hideo;idea64.exe;0.0;13.96;chrome.exe;0.0;3.09;Code.exe;109.1;4.26;chrome.exe;0.0;3.77;Code.exe;0.0;2.46;jetbrains-toolbox.exe;0.0;2.45;chrome.exe;15.6;2.18;Code.exe;0.0;1.89;MsMpEng.exe;0.0;1.87;Notion.exe;0.0;0.92
19-11-2025 11:27:57;146342465155633;Hideo;idea64.exe;0.0;13.97;chrome.exe;15.6;3.08;Code.exe;77.8;4.27;chrome.exe;0.0;3.78;Code.exe;0.0;2.46;jetbrains-toolbox.exe;0.0;2.45;chrome.exe;0.0;2.18;Code.exe;0.0;1.89;MsMpEng.exe;0.0;1.87;Notion.exe;0.0;0.93
19-11-2025 11:27:58;146342465155633;Hideo;idea64.exe;0.0;13.98;chrome.exe;109.1;3.14;Code.exe;124.8;4.41;chrome.exe;62.4;3.93;Code.exe;0.0;2.46;jetbrains-toolbox.exe;0.0;2.45;chrome.exe;15.6;2.18;Code.exe;0.0;1.89;MsMpEng.exe;0.0;1.88;Notion.exe;0.0;0.93
19-11-2025 11:27:59;146342465155633;Hideo;idea64.exe;0.0;13.98;chrome.exe;15.6;3.12;Code.exe;124.7;4.34;chrome.exe;31.2;4.02;Code.exe;0.0;2.45;jetbrains-toolbox.exe;0.0;2.45;chrome.exe;0.0;2.18;Code.exe;0.0;1.89;MsMpEng.exe;0.0;1.88;Notion.exe;0.0;0.93
19-11-2025 11:28:00;146342465155633;Hideo;idea64.exe;0.0;13.99;chrome.exe;0.0;3.1;Code.exe;109.0;4.39;chrome.exe;31.2;4.04;Code.exe;0.0;2.46;jetbrains-toolbox.exe;0.0;2.45;chrome.exe;0.0;2.18;Code.exe;0.0;1.89;MsMpEng.exe;0.0;1.88;Notion.exe;0.0;0.93
19-11-2025 11:28:01;146342465155633;Hideo;idea64.exe;0.0;13.99;chrome.exe;15.6;3.1;Code.exe;93.2;4.31;chrome.exe;46.7;4.14;Code.exe;0.0;2.46;jetbrains-toolbox.exe;0.0;2.45;chrome.exe;15.6;2.18;Code.exe;0.0;1.89;MsMpEng.exe;0.0;1.87;Notion.exe;0.0;0.93
19-11-2025 11:28:02;146342465155633;Hideo;idea64.exe;0.0;14.0;chrome.exe;15.5;3.1;Code.exe;109.3;4.21;chrome.exe;31.1;4.24;Code.exe;0.0;2.46;jetbrains-toolbox.exe;0.0;2.45;chrome.exe;15.6;2.18;Code.exe;0.0;1.89;MsMpEng.exe;0.0;1.87;Notion.exe;0.0;0.93
19-11-2025 11:28:03;146342465155633;Hideo;idea64.exe;0.0;14.0;chrome.exe;0.0;3.1;Code.exe;124.6;4.36;chrome.exe;46.8;4.34;Code.exe;0.0;2.46;jetbrains-toolbox.exe;0.0;2.45;chrome.exe;15.6;2.18;Code.exe;0.0;1.89;MsMpEng.exe;0.0;1.87;Notion.exe;0.0;0.93
19-11-2025 11:28:04;146342465155633;Hideo;idea64.exe;92.6;14.06;chrome.exe;0.0;3.1;Code.exe;93.5;4.36;chrome.exe;62.3;4.29;Code.exe;0.0;2.46;jetbrains-toolbox.exe;0.0;2.45;chrome.exe;0.0;2.18;Code.exe;0.0;1.89;MsMpEng.exe;0.0;1.67;Notion.exe;0.0;0.93
19-11-2025 11:28:05;146342465155633;Hideo;idea64.exe;0.0;14.12;chrome.exe;14.1;3.1;Code.exe;62.1;4.37;chrome.exe;77.8;4.34;Code.exe;0.0;2.46;jetbrains-toolbox.exe;0.0;2.45;chrome.exe;15.6;2.18;Code.exe;0.0;1.89;MsMpEng.exe;0.0;1.81;Notion.exe;15.5;0.93
19-11-2025 11:28:06;146342465155633;Hideo;idea64.exe;0.0;14.12;chrome.exe;0.0;3.1;Code.exe;109.1;4.23;chrome.exe;62.3;4.62;Code.exe;0.0;2.46;jetbrains-toolbox.exe;0.0;2.45;chrome.exe;15.6;2.18;Code.exe;0.0;1.89;MsMpEng.exe;0.0;1.83;Notion.exe;0.0;0.93
19-11-2025 11:28:07;146342465155633;Hideo;idea64.exe;0.0;14.13;chrome.exe;15.6;3.1;Code.exe;109.0;4.38;chrome.exe;31.1;4.74;Code.exe;0.0;2.46;jetbrains-toolbox.exe;0.0;2.45;chrome.exe;0.0;2.18;Code.exe;0.0;1.89;MsMpEng.exe;0.0;1.83;Notion.exe;0.0;0.93
19-11-2025 11:28:08;146342465155633;Hideo;idea64.exe;0.0;14.13;chrome.exe;15.6;3.1;Code.exe;124.8;4.26;chrome.exe;46.6;4.69;Code.exe;0.0;2.46;jetbrains-toolbox.exe;0.0;2.45;chrome.exe;0.0;2.18;Code.exe;0.0;1.89;MsMpEng.exe;0.0;1.83;Notion.exe;0.0;0.93
19-11-2025 11:28:09;146342465155633;Hideo;idea64.exe;0.0;14.14;chrome.exe;0.0;3.1;Code.exe;77.8;4.27;chrome.exe;31.1;4.76;Code.exe;0.0;2.46;jetbrains-toolbox.exe;0.0;2.45;chrome.exe;0.0;2.18;Code.exe;0.0;1.89;MsMpEng.exe;0.0;1.83;Notion.exe;0.0;0.93
19-11-2025 11:28:10;146342465155633;Hideo;idea64.exe;0.0;14.14;chrome.exe;15.5;3.11;Code.exe;124.7;4.26;chrome.exe;31.2;4.9;Code.exe;0.0;2.46;jetbrains-toolbox.exe;0.0;2.45;chrome.exe;15.6;2.18;Code.exe;0.0;1.89;MsMpEng.exe;0.0;1.83;Notion.exe;0.0;0.93
19-11-2025 11:28:11;146342465155633;Hideo;idea64.exe;0.0;14.15;chrome.exe;15.6;3.11;Code.exe;93.6;4.42;chrome.exe;0.0;4.9;Code.exe;0.0;2.46;jetbrains-toolbox.exe;0.0;2.45;chrome.exe;15.5;2.18;Code.exe;0.0;1.89;MsMpEng.exe;0.0;1.83;Notion.exe;0.0;0.93
19-11-2025 11:28:12;146342465155633;Hideo;idea64.exe;0.0;14.15;chrome.exe;15.6;3.11;Code.exe;93.4;4.3;chrome.exe;62.3;4.82;Code.exe;0.0;2.46;jetbrains-toolbox.exe;0.0;2.45;chrome.exe;15.5;2.18;Code.exe;0.0;1.89;MsMpEng.exe;0.0;1.83;Notion.exe;0.0;0.93
19-11-2025 11:28:13;146342465155633;Hideo;idea64.exe;0.0;14.15;chrome.exe;0.0;3.11;Code.exe;93.5;4.31;chrome.exe;46.7;4.83;Code.exe;0.0;2.46;jetbrains-toolbox.exe;0.0;2.45;chrome.exe;15.6;2.18;Code.exe;0.0;1.89;MsMpEng.exe;0.0;1.83;Notion.exe;0.0;0.93
19-11-2025 11:28:14;146342465155633;Hideo;idea64.exe;0.0;14.75;chrome.exe;0.0;3.11;Code.exe;187.1;4.2;chrome.exe;15.5;4.83;Code.exe;0.0;2.46;jetbrains-toolbox.exe;0.0;2.45;chrome.exe;15.6;2.18;Code.exe;0.0;1.89;MsMpEng.exe;0.0;1.83;Notion.exe;0.0;0.94
19-11-2025 11:28:16;146342465155633;Hideo;idea64.exe;0.0;14.75;chrome.exe;0.0;3.11;Code.exe;93.4;4.36;chrome.exe;0.0;4.83;Code.exe;0.0;2.46;jetbrains-toolbox.exe;0.0;2.45;chrome.exe;15.6;2.18;Code.exe;0.0;1.89;MsMpEng.exe;0.0;1.83;Notion.exe;0.0;0.94
19-11-2025 11:28:17;146342465155633;Hideo;idea64.exe;0.0;14.76;chrome.exe;0.0;3.11;Code.exe;93.3;4.23;chrome.exe;0.0;4.82;Code.exe;0.0;2.46;jetbrains-toolbox.exe;0.0;2.45;chrome.exe;0.0;2.18;Code.exe;0.0;1.89;MsMpEng.exe;0.0;1.83;Notion.exe;0.0;0.94
19-11-2025 11:28:18;146342465155633;Hideo;idea64.exe;0.0;14.76;chrome.exe;0.0;3.1;Code.exe;93.6;4.25;chrome.exe;0.0;4.83;Code.exe;0.0;2.46;jetbrains-toolbox.exe;0.0;2.45;chrome.exe;0.0;2.18;Code.exe;0.0;1.89;MsMpEng.exe;0.0;1.83;Notion.exe;0.0;0.94
19-11-2025 11:28:19;146342465155633;Hideo;idea64.exe;0.0;14.76;chrome.exe;31.2;3.11;Code.exe;93.6;4.22;chrome.exe;15.6;3.85;Code.exe;0.0;2.46;jetbrains-toolbox.exe;0.0;2.45;chrome.exe;15.6;2.18;Code.exe;0.0;1.89;MsMpEng.exe;0.0;1.83;Notion.exe;0.0;0.94
19-11-2025 11:28:20;146342465155633;Hideo;idea64.exe;0.0;14.77;chrome.exe;0.0;3.11;Code.exe;109.0;4.24;chrome.exe;0.0;3.86;Code.exe;0.0;2.46;jetbrains-toolbox.exe;0.0;2.45;chrome.exe;0.0;2.18;Code.exe;0.0;1.89;MsMpEng.exe;0.0;1.83;Notion.exe;0.0;0.94
19-11-2025 11:28:21;146342465155633;Hideo;idea64.exe;0.0;14.78;chrome.exe;0.0;3.11;Code.exe;93.3;4.25;chrome.exe;0.0;3.81;Code.exe;0.0;2.46;jetbrains-toolbox.exe;0.0;2.45;chrome.exe;0.0;2.18;Code.exe;0.0;1.89;MsMpEng.exe;0.0;1.83;Notion.exe;0.0;0.94
19-11-2025 11:28:22;146342465155633;Hideo;idea64.exe;0.0;14.78;chrome.exe;0.0;3.11;Code.exe;93.2;4.26;chrome.exe;0.0;3.81;Code.exe;0.0;2.45;jetbrains-toolbox.exe;0.0;2.45;chrome.exe;0.0;2.18;Code.exe;0.0;1.89;MsMpEng.exe;0.0;1.83;Notion.exe;0.0;0.94
19-11-2025 11:28:23;146342465155633;Hideo;idea64.exe;0.0;14.79;chrome.exe;31.1;3.11;Code.exe;109.1;4.26;chrome.exe;0.0;3.82;Code.exe;0.0;2.46;jetbrains-toolbox.exe;0.0;2.45;chrome.exe;0.0;2.15;Code.exe;0.0;1.89;MsMpEng.exe;0.0;1.74;Notion.exe;0.0;0.58
19-11-2025 11:28:24;146342465155633;Hideo;idea64.exe;0.0;4.54;chrome.exe;0.0;2.8;Code.exe;109.1;4.11;chrome.exe;31.1;3.73;Code.exe;0.0;2.27;jetbrains-toolbox.exe;0.0;1.7;chrome.exe;0.0;2.15;Code.exe;0.0;1.86;MsMpEng.exe;28.8;1.74;Notion.exe;0.0;0.58
19-11-2025 11:28:25;146342465155633;Hideo;idea64.exe;0.0;4.55;chrome.exe;62.2;2.8;Code.exe;92.7;4.13;chrome.exe;31.1;3.72;Code.exe;0.0;2.27;jetbrains-toolbox.exe;0.0;1.7;chrome.exe;0.0;2.15;Code.exe;0.0;1.86;MsMpEng.exe;0.0;1.74;Notion.exe;0.0;0.58
19-11-2025 11:28:26;146342465155633;Hideo;idea64.exe;0.0;4.55;chrome.exe;31.2;2.8;Code.exe;93.6;4.15;chrome.exe;62.2;3.72;Code.exe;0.0;2.27;jetbrains-toolbox.exe;0.0;1.7;chrome.exe;46.6;2.15;Code.exe;0.0;1.86;MsMpEng.exe;0.0;1.74;Notion.exe;0.0;0.58
19-11-2025 11:28:27;146342465155633;Hideo;idea64.exe;0.0;4.56;chrome.exe;0.0;2.8;Code.exe;279.9;4.03;chrome.exe;0.0;3.73;Code.exe;0.0;2.27;jetbrains-toolbox.exe;0.0;1.7;chrome.exe;0.0;2.15;Code.exe;0.0;1.87;MsMpEng.exe;0.0;1.74;Notion.exe;0.0;0.59
19-11-2025 11:28:28;146342465155633;Hideo;idea64.exe;0.0;4.57;chrome.exe;0.0;2.8;Code.exe;77.7;4.18;chrome.exe;31.2;3.73;Code.exe;0.0;2.27;jetbrains-toolbox.exe;0.0;1.7;chrome.exe;0.0;2.16;Code.exe;0.0;1.87;MsMpEng.exe;0.0;1.74;Notion.exe;0.0;0.59
19-11-2025 11:28:29;146342465155633;Hideo;idea64.exe;0.0;4.57;chrome.exe;15.6;2.81;Code.exe;124.6;4.05;chrome.exe;0.0;3.72;Code.exe;0.0;2.27;jetbrains-toolbox.exe;0.0;1.7;chrome.exe;14.9;2.16;Code.exe;0.0;1.87;MsMpEng.exe;0.0;1.74;Notion.exe;0.0;0.59
19-11-2025 11:28:30;146342465155633;Hideo;idea64.exe;0.0;4.58;chrome.exe;31.1;2.8;Code.exe;108.8;4.08;chrome.exe;0.0;3.72;Code.exe;0.0;2.27;jetbrains-toolbox.exe;0.0;1.7;chrome.exe;0.0;2.15;Code.exe;0.0;1.87;MsMpEng.exe;0.0;1.74;Notion.exe;0.0;0.59
19-11-2025 11:28:31;146342465155633;Hideo;idea64.exe;0.0;4.58;chrome.exe;0.0;2.8;Code.exe;124.8;4.22;chrome.exe;0.0;3.73;Code.exe;0.0;2.27;jetbrains-toolbox.exe;0.0;1.7;chrome.exe;15.6;2.15;Code.exe;0.0;1.87;MsMpEng.exe;0.0;1.74;Notion.exe;0.0;0.59
19-11-2025 11:28:32;146342465155633;Hideo;idea64.exe;0.0;4.59;chrome.exe;0.0;2.8;Code.exe;93.4;4.1;chrome.exe;0.0;3.73;Code.exe;0.0;2.27;jetbrains-toolbox.exe;0.0;1.7;chrome.exe;46.6;2.15;Code.exe;0.0;1.87;MsMpEng.exe;0.0;1.74;Notion.exe;0.0;0.59
19-11-2025 11:28:33;146342465155633;Hideo;idea64.exe;0.0;4.59;chrome.exe;46.8;2.8;Code.exe;93.4;4.11;chrome.exe;31.2;3.72;Code.exe;0.0;2.27;jetbrains-toolbox.exe;0.0;1.7;chrome.exe;46.7;2.15;Code.exe;0.0;1.87;MsMpEng.exe;0.0;1.74;Notion.exe;0.0;0.59
19-11-2025 11:28:34;146342465155633;Hideo;idea64.exe;0.0;4.6;chrome.exe;0.0;2.8;Code.exe;124.4;4.12;chrome.exe;15.5;3.72;Code.exe;0.0;2.27;jetbrains-toolbox.exe;0.0;1.7;chrome.exe;0.0;2.15;Code.exe;0.0;1.87;MsMpEng.exe;0.0;1.74;Notion.exe;0.0;0.59
19-11-2025 11:28:35;146342465155633;Hideo;idea64.exe;0.0;4.6;chrome.exe;0.0;2.8;Code.exe;77.7;4.11;chrome.exe;15.5;3.74;Code.exe;0.0;2.27;jetbrains-toolbox.exe;0.0;1.7;chrome.exe;15.5;2.15;Code.exe;0.0;1.87;MsMpEng.exe;0.0;1.74;Notion.exe;0.0;0.59
19-11-2025 11:28:36;146342465155633;Hideo;idea64.exe;0.0;4.61;chrome.exe;0.0;2.8;Code.exe;109.0;4.27;chrome.exe;0.0;3.74;Code.exe;0.0;2.27;jetbrains-toolbox.exe;0.0;1.7;chrome.exe;0.0;2.15;Code.exe;0.0;1.87;MsMpEng.exe;0.0;1.74;Notion.exe;0.0;0.59
19-11-2025 11:28:37;146342465155633;Hideo;idea64.exe;0.0;4.61;chrome.exe;0.0;2.8;Code.exe;93.7;4.14;chrome.exe;0.0;3.72;Code.exe;0.0;2.27;jetbrains-toolbox.exe;0.0;1.7;chrome.exe;0.0;2.15;Code.exe;0.0;1.87;MsMpEng.exe;0.0;1.74;Notion.exe;0.0;0.59
19-11-2025 11:28:38;146342465155633;Hideo;idea64.exe;0.0;4.62;chrome.exe;0.0;2.81;Code.exe;93.6;4.16;chrome.exe;0.0;3.72;Code.exe;0.0;2.27;jetbrains-toolbox.exe;0.0;1.7;chrome.exe;0.0;2.15;Code.exe;0.0;1.87;MsMpEng.exe;0.0;1.74;Notion.exe;0.0;0.59
19-11-2025 11:28:39;146342465155633;Hideo;idea64.exe;0.0;4.62;chrome.exe;46.3;2.81;Code.exe;186.5;4.04;chrome.exe;0.0;3.72;Code.exe;0.0;2.27;jetbrains-toolbox.exe;0.0;1.7;chrome.exe;0.0;2.15;Code.exe;0.0;1.87;MsMpEng.exe;0.0;1.74;Notion.exe;0.0;0.59
19-11-2025 11:28:40;146342465155633;Hideo;idea64.exe;0.0;4.62;chrome.exe;0.0;2.81;Code.exe;109.0;4.06;chrome.exe;15.5;3.72;Code.exe;0.0;2.27;jetbrains-toolbox.exe;0.0;1.7;chrome.exe;0.0;2.15;Code.exe;0.0;1.87;MsMpEng.exe;0.0;1.74;Notion.exe;0.0;0.59
19-11-2025 11:28:41;146342465155633;Hideo;idea64.exe;0.0;4.63;chrome.exe;0.0;2.81;Code.exe;124.9;4.08;chrome.exe;0.0;3.71;Code.exe;0.0;2.27;jetbrains-toolbox.exe;0.0;1.7;chrome.exe;0.0;2.15;Code.exe;0.0;1.87;MsMpEng.exe;0.0;1.74;Notion.exe;0.0;0.59
19-11-2025 11:28:42;146342465155633;Hideo;idea64.exe;0.0;4.63;chrome.exe;0.0;2.81;Code.exe;124.8;4.11;chrome.exe;0.0;3.72;Code.exe;0.0;2.27;jetbrains-toolbox.exe;0.0;1.7;chrome.exe;0.0;2.15;Code.exe;0.0;1.87;MsMpEng.exe;0.0;1.74;Notion.exe;0.0;0.59
19-11-2025 11:28:43;146342465155633;Hideo;idea64.exe;0.0;4.64;chrome.exe;0.0;2.81;Code.exe;109.2;4.08;chrome.exe;0.0;3.72;Code.exe;0.0;2.27;jetbrains-toolbox.exe;0.0;1.7;chrome.exe;0.0;2.15;Code.exe;0.0;1.87;MsMpEng.exe;0.0;1.74;Notion.exe;0.0;0.59
19-11-2025 11:28:45;146342465155633;Hideo;idea64.exe;0.0;4.64;chrome.exe;15.6;2.81;Code.exe;171.0;4.11;chrome.exe;0.0;3.72;Code.exe;0.0;2.27;jetbrains-toolbox.exe;0.0;1.7;chrome.exe;0.0;2.15;Code.exe;0.0;1.87;MsMpEng.exe;0.0;1.74;Notion.exe;0.0;0.59
19-11-2025 11:28:46;146342465155633;Hideo;idea64.exe;15.5;4.65;chrome.exe;0.0;2.81;Code.exe;109.1;4.12;chrome.exe;15.6;3.72;Code.exe;0.0;2.27;jetbrains-toolbox.exe;0.0;1.71;chrome.exe;0.0;2.15;Code.exe;0.0;1.87;MsMpEng.exe;0.0;1.74;Notion.exe;0.0;0.59
19-11-2025 11:28:47;146342465155633;Hideo;idea64.exe;0.0;4.66;chrome.exe;0.0;2.81;Code.exe;92.8;4.14;chrome.exe;0.0;3.72;Code.exe;0.0;2.27;jetbrains-toolbox.exe;0.0;1.71;chrome.exe;0.0;2.15;Code.exe;0.0;1.87;MsMpEng.exe;0.0;1.74;Notion.exe;0.0;0.59
19-11-2025 11:28:48;146342465155633;Hideo;idea64.exe;0.0;4.66;chrome.exe;0.0;2.81;Code.exe;93.0;4.12;chrome.exe;0.0;3.72;Code.exe;0.0;2.27;jetbrains-toolbox.exe;0.0;1.71;chrome.exe;0.0;2.15;Code.exe;0.0;1.87;MsMpEng.exe;0.0;1.74;Notion.exe;0.0;0.59
19-11-2025 11:28:49;146342465155633;Hideo;idea64.exe;15.6;4.67;chrome.exe;0.0;2.81;Code.exe;108.8;4.14;chrome.exe;0.0;3.73;Code.exe;0.0;2.27;jetbrains-toolbox.exe;0.0;1.71;chrome.exe;0.0;2.15;Code.exe;0.0;1.87;MsMpEng.exe;0.0;1.74;Notion.exe;0.0;0.59
19-11-2025 11:28:50;146342465155633;Hideo;idea64.exe;15.6;4.67;chrome.exe;0.0;2.81;Code.exe;124.8;4.15;chrome.exe;0.0;3.71;Code.exe;0.0;2.27;jetbrains-toolbox.exe;0.0;1.71;chrome.exe;0.0;2.15;Code.exe;0.0;1.87;MsMpEng.exe;0.0;1.74;Notion.exe;0.0;0.59
19-11-2025 11:28:51;146342465155633;Hideo;idea64.exe;0.0;4.68;chrome.exe;0.0;2.81;Code.exe;326.4;4.25;chrome.exe;0.0;3.71;Code.exe;0.0;2.27;jetbrains-toolbox.exe;0.0;1.71;chrome.exe;0.0;2.15;Code.exe;0.0;1.87;MsMpEng.exe;0.0;1.74;Notion.exe;0.0;0.6
19-11-2025 11:28:52;146342465155633;Hideo;idea64.exe;0.0;4.68;chrome.exe;15.5;2.81;Code.exe;108.7;4.05;chrome.exe;15.6;3.71;Code.exe;0.0;2.27;jetbrains-toolbox.exe;0.0;1.71;chrome.exe;0.0;2.15;Code.exe;0.0;1.87;MsMpEng.exe;0.0;1.74;Notion.exe;0.0;0.6
19-11-2025 11:28:53;146342465155633;Hideo;idea64.exe;0.0;4.69;chrome.exe;0.0;2.81;Code.exe;93.2;4.07;chrome.exe;0.0;3.71;Code.exe;0.0;2.27;jetbrains-toolbox.exe;0.0;1.71;chrome.exe;0.0;2.15;Code.exe;0.0;1.87;MsMpEng.exe;0.0;1.74;Notion.exe;0.0;0.6
19-11-2025 11:28:54;146342465155633;Hideo;idea64.exe;0.0;4.69;chrome.exe;15.6;2.8;Code.exe;93.1;4.09;chrome.exe;15.6;3.71;Code.exe;0.0;2.27;jetbrains-toolbox.exe;0.0;1.71;chrome.exe;0.0;2.15;Code.exe;0.0;1.87;MsMpEng.exe;0.0;1.74;Notion.exe;0.0;0.6
19-11-2025 11:28:55;146342465155633;Hideo;idea64.exe;0.0;4.7;chrome.exe;46.7;2.91;Code.exe;93.3;4.1;chrome.exe;31.1;3.72;Code.exe;0.0;2.27;jetbrains-toolbox.exe;0.0;1.71;chrome.exe;0.0;2.15;Code.exe;0.0;1.87;MsMpEng.exe;0.0;1.74;Notion.exe;0.0;0.6
19-11-2025 11:28:56;146342465155633;Hideo;idea64.exe;0.0;4.75;chrome.exe;15.6;2.91;Code.exe;93.5;4.09;chrome.exe;0.0;3.72;Code.exe;0.0;2.27;jetbrains-toolbox.exe;0.0;1.71;chrome.exe;0.0;2.15;Code.exe;0.0;1.87;MsMpEng.exe;0.0;1.74;Notion.exe;0.0;0.6
19-11-2025 11:28:57;146342465155633;Hideo;idea64.exe;0.0;4.76;chrome.exe;0.0;2.91;Code.exe;78.0;4.1;chrome.exe;0.0;3.72;Code.exe;0.0;2.27;jetbrains-toolbox.exe;0.0;1.71;chrome.exe;0.0;2.15;Code.exe;0.0;1.87;MsMpEng.exe;0.0;1.74;Notion.exe;0.0;0.6
19-11-2025 11:28:58;146342465155633;Hideo;idea64.exe;0.0;4.77;chrome.exe;0.0;2.9;Code.exe;109.2;4.11;chrome.exe;0.0;3.71;Code.exe;0.0;2.27;jetbrains-toolbox.exe;0.0;1.71;chrome.exe;0.0;2.15;Code.exe;0.0;1.87;MsMpEng.exe;0.0;1.74;Notion.exe;0.0;0.6
19-11-2025 11:28:59;146342465155633;Hideo;idea64.exe;0.0;4.77;chrome.exe;31.1;2.89;Code.exe;108.8;4.12;chrome.exe;0.0;3.72;Code.exe;0.0;2.27;jetbrains-toolbox.exe;0.0;1.71;chrome.exe;0.0;2.15;Code.exe;0.0;1.87;MsMpEng.exe;0.0;1.74;Notion.exe;0.0;0.6
19-11-2025 11:29:00;146342465155633;Hideo;idea64.exe;0.0;4.78;chrome.exe;0.0;3.01;Code.exe;77.8;4.16;chrome.exe;15.6;3.72;Code.exe;0.0;2.27;jetbrains-toolbox.exe;0.0;1.71;chrome.exe;0.0;2.15;Code.exe;0.0;1.87;MsMpEng.exe;28.9;1.74;Notion.exe;0.0;0.6
19-11-2025 11:29:01;146342465155633;Hideo;idea64.exe;0.0;4.78;chrome.exe;0.0;3.07;Code.exe;77.8;4.15;chrome.exe;15.5;3.74;Code.exe;0.0;2.27;jetbrains-toolbox.exe;0.0;1.71;chrome.exe;0.0;2.15;Code.exe;0.0;1.87;MsMpEng.exe;0.0;1.74;Notion.exe;0.0;0.6
19-11-2025 11:29:02;146342465155633;Hideo;idea64.exe;0.0;4.79;chrome.exe;0.0;3.06;Code.exe;93.3;4.17;chrome.exe;15.6;3.72;Code.exe;0.0;2.27;jetbrains-toolbox.exe;0.0;1.71;chrome.exe;0.0;2.13;Code.exe;0.0;1.87;MsMpEng.exe;0.0;1.74;Notion.exe;0.0;0.6
19-11-2025 11:29:03;146342465155633;Hideo;idea64.exe;0.0;4.79;chrome.exe;0.0;3.07;Code.exe;326.9;4.12;chrome.exe;31.1;3.73;Code.exe;0.0;2.27;jetbrains-toolbox.exe;0.0;1.71;chrome.exe;15.6;2.13;Code.exe;0.0;1.87;MsMpEng.exe;0.0;1.74;Notion.exe;0.0;0.6
19-11-2025 11:29:04;146342465155633;Hideo;idea64.exe;0.0;4.8;chrome.exe;0.0;3.26;Code.exe;61.9;4.08;chrome.exe;0.0;3.75;Code.exe;0.0;2.27;jetbrains-toolbox.exe;0.0;1.71;chrome.exe;0.0;2.14;Code.exe;0.0;1.87;MsMpEng.exe;0.0;1.78;Notion.exe;0.0;0.6
19-11-2025 11:29:05;146342465155633;Hideo;idea64.exe;0.0;4.92;chrome.exe;0.0;3.26;Code.exe;93.5;4.25;chrome.exe;0.0;3.75;Code.exe;0.0;2.27;jetbrains-toolbox.exe;0.0;1.71;chrome.exe;0.0;2.14;Code.exe;0.0;1.87;MsMpEng.exe;0.0;1.77;Notion.exe;15.5;0.6
19-11-2025 11:29:06;146342465155633;Hideo;idea64.exe;0.0;4.92;chrome.exe;0.0;3.26;Code.exe;171.5;4.33;chrome.exe;0.0;3.75;Code.exe;0.0;2.27;jetbrains-toolbox.exe;0.0;1.71;chrome.exe;0.0;2.14;Code.exe;0.0;1.87;MsMpEng.exe;0.0;1.8;Notion.exe;0.0;0.6
19-11-2025 11:29:07;146342465155633;Hideo;idea64.exe;0.0;4.93;chrome.exe;0.0;3.26;Code.exe;15.6;4.19;chrome.exe;0.0;3.75;Code.exe;0.0;2.27;jetbrains-toolbox.exe;0.0;1.71;chrome.exe;0.0;2.14;Code.exe;0.0;1.87;MsMpEng.exe;0.0;1.79;Notion.exe;0.0;0.6
19-11-2025 11:29:08;146342465155633;Hideo;idea64.exe;0.0;4.93;chrome.exe;0.0;3.26;Code.exe;0.0;4.09;chrome.exe;0.0;3.75;Code.exe;0.0;2.27;jetbrains-toolbox.exe;0.0;1.71;chrome.exe;0.0;2.14;Code.exe;0.0;1.87;MsMpEng.exe;0.0;1.79;Notion.exe;0.0;0.6
19-11-2025 11:29:09;146342465155633;Hideo;idea64.exe;0.0;4.94;chrome.exe;0.0;3.24;Code.exe;46.8;4.15;chrome.exe;0.0;3.75;Code.exe;0.0;2.28;jetbrains-toolbox.exe;0.0;1.71;chrome.exe;0.0;2.14;Code.exe;0.0;1.87;MsMpEng.exe;0.0;1.82;Notion.exe;0.0;0.6
19-11-2025 11:29:10;146342465155633;Hideo;idea64.exe;0.0;4.94;chrome.exe;0.0;3.24;Code.exe;0.0;4.18;chrome.exe;0.0;3.75;Code.exe;0.0;2.28;jetbrains-toolbox.exe;0.0;1.71;chrome.exe;0.0;2.14;Code.exe;0.0;1.87;MsMpEng.exe;0.0;1.84;Notion.exe;0.0;0.6
19-11-2025 11:29:11;146342465155633;Hideo;idea64.exe;0.0;4.95;chrome.exe;0.0;3.39;Code.exe;0.0;4.2;chrome.exe;0.0;3.71;Code.exe;0.0;2.28;jetbrains-toolbox.exe;0.0;1.71;chrome.exe;0.0;2.14;Code.exe;0.0;1.87;MsMpEng.exe;0.0;1.84;Notion.exe;0.0;0.6
19-11-2025 11:29:12;146342465155633;Hideo;idea64.exe;0.0;4.95;chrome.exe;0.0;3.39;Code.exe;0.0;4.2;chrome.exe;15.5;3.72;Code.exe;0.0;2.28;jetbrains-toolbox.exe;0.0;1.71;chrome.exe;0.0;2.14;Code.exe;0.0;1.87;MsMpEng.exe;0.0;1.84;Notion.exe;0.0;0.6
19-11-2025 11:29:13;146342465155633;Hideo;idea64.exe;0.0;4.96;chrome.exe;0.0;3.39;Code.exe;404.8;4.16;chrome.exe;0.0;3.72;Code.exe;0.0;2.28;jetbrains-toolbox.exe;0.0;1.71;chrome.exe;0.0;2.16;Code.exe;0.0;1.87;MsMpEng.exe;0.0;1.84;Notion.exe;0.0;0.6
19-11-2025 11:29:15;146342465155633;Hideo;idea64.exe;0.0;4.96;chrome.exe;0.0;3.39;Code.exe;0.0;4.17;chrome.exe;0.0;3.68;Code.exe;0.0;2.28;jetbrains-toolbox.exe;0.0;1.71;chrome.exe;46.6;2.14;Code.exe;0.0;1.87;MsMpEng.exe;0.0;1.86;Notion.exe;0.0;0.6
19-11-2025 11:29:16;146342465155633;Hideo;idea64.exe;0.0;4.97;chrome.exe;0.0;3.49;Code.exe;0.0;4.18;chrome.exe;0.0;3.66;Code.exe;0.0;2.28;jetbrains-toolbox.exe;0.0;1.71;chrome.exe;0.0;2.14;Code.exe;0.0;1.87;MsMpEng.exe;0.0;1.85;Notion.exe;0.0;0.6
19-11-2025 11:29:17;146342465155633;Hideo;idea64.exe;0.0;4.97;chrome.exe;0.0;3.48;Code.exe;0.0;4.18;chrome.exe;0.0;3.66;Code.exe;0.0;2.28;jetbrains-toolbox.exe;0.0;1.71;chrome.exe;0.0;2.14;Code.exe;0.0;1.87;MsMpEng.exe;0.0;1.85;Notion.exe;0.0;0.6
19-11-2025 11:29:18;146342465155633;Hideo;idea64.exe;0.0;4.98;chrome.exe;0.0;3.49;Code.exe;0.0;4.13;chrome.exe;31.1;3.67;Code.exe;0.0;2.28;jetbrains-toolbox.exe;0.0;1.71;chrome.exe;0.0;2.14;Code.exe;0.0;1.87;MsMpEng.exe;0.0;1.85;Notion.exe;0.0;0.6
19-11-2025 11:29:19;146342465155633;Hideo;idea64.exe;0.0;4.98;chrome.exe;0.0;3.24;Code.exe;0.0;4.13;chrome.exe;15.6;3.67;Code.exe;0.0;2.28;jetbrains-toolbox.exe;0.0;1.71;chrome.exe;0.0;2.14;Code.exe;0.0;1.87;MsMpEng.exe;0.0;1.85;Notion.exe;0.0;0.6
19-11-2025 11:29:20;146342465155633;Hideo;idea64.exe;0.0;4.99;chrome.exe;0.0;3.24;Code.exe;0.0;4.13;chrome.exe;0.0;3.66;Code.exe;0.0;2.28;jetbrains-toolbox.exe;0.0;1.71;chrome.exe;0.0;2.14;Code.exe;0.0;1.87;MsMpEng.exe;0.0;1.85;Notion.exe;0.0;0.6
19-11-2025 11:29:21;146342465155633;Hideo;idea64.exe;0.0;4.99;chrome.exe;46.8;3.24;Code.exe;0.0;4.14;chrome.exe;0.0;3.67;Code.exe;0.0;2.28;jetbrains-toolbox.exe;0.0;1.72;chrome.exe;0.0;2.14;Code.exe;0.0;1.87;MsMpEng.exe;0.0;1.85;Notion.exe;0.0;0.61
19-11-2025 11:29:22;146342465155633;Hideo;idea64.exe;0.0;4.99;chrome.exe;0.0;3.22;Code.exe;0.0;4.14;chrome.exe;31.1;3.67;Code.exe;0.0;2.28;jetbrains-toolbox.exe;0.0;1.72;chrome.exe;0.0;2.14;Code.exe;0.0;1.87;MsMpEng.exe;0.0;1.85;Notion.exe;0.0;0.61
19-11-2025 11:29:23;146342465155633;Hideo;idea64.exe;0.0;5.0;chrome.exe;0.0;3.22;Code.exe;0.0;4.15;chrome.exe;0.0;3.67;Code.exe;0.0;2.28;jetbrains-toolbox.exe;0.0;1.72;chrome.exe;0.0;2.14;Code.exe;0.0;1.87;MsMpEng.exe;0.0;1.85;Notion.exe;0.0;0.61
19-11-2025 11:29:24;146342465155633;Hideo;idea64.exe;0.0;5.0;chrome.exe;0.0;3.18;Code.exe;0.0;4.15;chrome.exe;0.0;3.67;Code.exe;0.0;2.28;jetbrains-toolbox.exe;0.0;1.72;chrome.exe;15.5;2.14;Code.exe;0.0;1.87;MsMpEng.exe;0.0;1.85;Notion.exe;0.0;0.61
19-11-2025 11:29:25;146342465155633;Hideo;idea64.exe;0.0;5.01;chrome.exe;0.0;3.17;Code.exe;0.0;4.14;chrome.exe;0.0;3.66;Code.exe;0.0;2.28;jetbrains-toolbox.exe;0.0;1.72;chrome.exe;0.0;2.14;Code.exe;0.0;1.87;MsMpEng.exe;0.0;1.85;Notion.exe;0.0;0.61
19-11-2025 11:29:26;146342465155633;Hideo;idea64.exe;0.0;5.01;chrome.exe;0.0;3.3;Code.exe;0.0;4.14;chrome.exe;0.0;3.67;Code.exe;0.0;2.28;jetbrains-toolbox.exe;0.0;1.72;chrome.exe;0.0;2.14;Code.exe;0.0;1.87;MsMpEng.exe;0.0;1.88;Notion.exe;0.0;0.61
19-11-2025 11:29:27;146342465155633;Hideo;idea64.exe;0.0;5.02;chrome.exe;0.0;3.27;Code.exe;31.2;4.17;chrome.exe;0.0;3.66;Code.exe;0.0;2.28;jetbrains-toolbox.exe;0.0;1.72;chrome.exe;0.0;2.16;Code.exe;0.0;1.88;MsMpEng.exe;0.0;1.87;Notion.exe;0.0;0.61
19-11-2025 11:29:28;146342465155633;Hideo;idea64.exe;15.6;5.03;chrome.exe;0.0;3.27;Code.exe;0.0;4.18;chrome.exe;0.0;3.66;Code.exe;8.9;2.28;jetbrains-toolbox.exe;0.0;1.72;chrome.exe;0.0;2.15;Code.exe;0.0;1.88;MsMpEng.exe;0.0;1.79;Notion.exe;0.0;0.61
19-11-2025 11:29:29;146342465155633;Hideo;idea64.exe;0.0;5.03;chrome.exe;0.0;3.27;Code.exe;0.0;4.2;chrome.exe;0.0;3.66;Code.exe;0.0;2.28;jetbrains-toolbox.exe;0.0;1.72;chrome.exe;0.0;2.15;Code.exe;0.0;1.88;MsMpEng.exe;14.5;1.83;Notion.exe;0.0;0.61
19-11-2025 11:29:30;146342465155633;Hideo;idea64.exe;15.6;5.04;chrome.exe;0.0;3.26;Code.exe;0.0;4.21;chrome.exe;0.0;3.66;Code.exe;0.0;2.28;jetbrains-toolbox.exe;0.0;1.72;chrome.exe;0.0;2.14;Code.exe;0.0;1.88;MsMpEng.exe;28.4;1.83;Notion.exe;0.0;0.61
19-11-2025 11:29:31;146342465155633;Hideo;idea64.exe;31.1;5.04;chrome.exe;0.0;3.26;Code.exe;0.0;4.21;chrome.exe;0.0;3.66;Code.exe;0.0;2.28;jetbrains-toolbox.exe;0.0;1.72;chrome.exe;0.0;2.14;Code.exe;0.0;1.88;MsMpEng.exe;0.0;1.85;Notion.exe;0.0;0.61
19-11-2025 11:29:32;146342465155633;Hideo;idea64.exe;0.0;5.05;chrome.exe;0.0;3.26;Code.exe;15.5;4.12;chrome.exe;0.0;3.66;Code.exe;0.0;2.28;jetbrains-toolbox.exe;0.0;1.72;chrome.exe;0.0;2.14;Code.exe;0.0;1.88;MsMpEng.exe;0.0;1.84;Notion.exe;0.0;0.61
19-11-2025 11:29:33;146342465155633;Hideo;idea64.exe;15.5;5.05;chrome.exe;0.0;3.26;Code.exe;0.0;4.13;chrome.exe;0.0;3.66;Code.exe;0.0;2.28;jetbrains-toolbox.exe;0.0;1.72;chrome.exe;0.0;2.14;Code.exe;0.0;1.88;MsMpEng.exe;0.0;1.84;Notion.exe;0.0;0.61
19-11-2025 11:29:34;146342465155633;Hideo;idea64.exe;0.0;5.06;chrome.exe;0.0;3.26;Code.exe;0.0;4.14;chrome.exe;0.0;3.66;Code.exe;0.0;2.28;jetbrains-toolbox.exe;0.0;1.72;chrome.exe;0.0;2.14;Code.exe;0.0;1.88;MsMpEng.exe;0.0;1.84;Notion.exe;0.0;0.61
19-11-2025 11:29:35;146342465155633;Hideo;idea64.exe;15.5;5.06;chrome.exe;0.0;3.26;Code.exe;15.5;4.13;chrome.exe;0.0;3.66;Code.exe;0.0;2.28;jetbrains-toolbox.exe;0.0;1.72;chrome.exe;0.0;2.14;Code.exe;0.0;1.88;MsMpEng.exe;0.0;1.84;Notion.exe;0.0;0.61
19-11-2025 11:29:36;146342465155633;Hideo;idea64.exe;0.0;5.07;chrome.exe;0.0;3.26;Code.exe;0.0;4.12;chrome.exe;0.0;3.57;Code.exe;0.0;2.28;jetbrains-toolbox.exe;0.0;1.72;chrome.exe;0.0;2.14;Code.exe;0.0;1.88;MsMpEng.exe;0.0;1.85;Notion.exe;0.0;0.61
19-11-2025 11:29:37;146342465155633;Hideo;idea64.exe;0.0;5.07;chrome.exe;0.0;3.26;Code.exe;0.0;4.14;chrome.exe;0.0;3.57;Code.exe;0.0;2.28;jetbrains-toolbox.exe;0.0;1.72;chrome.exe;0.0;2.14;Code.exe;0.0;1.88;MsMpEng.exe;0.0;1.85;Notion.exe;0.0;0.61
19-11-2025 11:29:39;146342465155633;Hideo;idea64.exe;0.0;5.08;chrome.exe;0.0;3.26;Code.exe;0.0;4.15;chrome.exe;0.0;3.57;Code.exe;0.0;2.28;jetbrains-toolbox.exe;0.0;1.72;chrome.exe;0.0;2.14;Code.exe;0.0;1.88;MsMpEng.exe;0.0;1.85;Notion.exe;0.0;0.61
19-11-2025 11:29:40;146342465155633;Hideo;idea64.exe;0.0;5.09;chrome.exe;0.0;3.26;Code.exe;0.0;4.16;chrome.exe;0.0;3.57;Code.exe;0.0;2.28;jetbrains-toolbox.exe;0.0;1.72;chrome.exe;0.0;2.14;Code.exe;0.0;1.88;MsMpEng.exe;0.0;1.85;Notion.exe;0.0;0.61
19-11-2025 11:29:41;146342465155633;Hideo;idea64.exe;0.0;5.09;chrome.exe;0.0;3.26;Code.exe;0.0;4.15;chrome.exe;0.0;3.57;Code.exe;0.0;2.28;jetbrains-toolbox.exe;0.0;1.72;chrome.exe;0.0;2.14;Code.exe;0.0;1.88;MsMpEng.exe;0.0;1.85;Notion.exe;0.0;0.61
19-11-2025 11:29:42;146342465155633;Hideo;idea64.exe;0.0;5.1;chrome.exe;0.0;3.26;Code.exe;0.0;4.15;chrome.exe;0.0;3.57;Code.exe;0.0;2.28;jetbrains-toolbox.exe;0.0;1.72;chrome.exe;0.0;2.14;Code.exe;0.0;1.88;MsMpEng.exe;0.0;1.87;Notion.exe;0.0;0.61
19-11-2025 11:29:43;146342465155633;Hideo;idea64.exe;0.0;5.1;chrome.exe;0.0;3.26;Code.exe;0.0;4.17;chrome.exe;0.0;3.57;Code.exe;0.0;2.28;jetbrains-toolbox.exe;0.0;1.72;chrome.exe;0.0;2.14;Code.exe;0.0;1.88;MsMpEng.exe;0.0;1.87;Notion.exe;0.0;0.61
19-11-2025 11:29:44;146342465155633;Hideo;idea64.exe;0.0;5.11;chrome.exe;0.0;3.26;Code.exe;0.0;4.19;chrome.exe;0.0;3.57;Code.exe;0.0;2.28;jetbrains-toolbox.exe;0.0;1.72;chrome.exe;0.0;2.14;Code.exe;0.0;1.88;MsMpEng.exe;0.0;1.87;Notion.exe;0.0;0.61
19-11-2025 11:29:45;146342465155633;Hideo;idea64.exe;0.0;5.11;chrome.exe;0.0;3.26;Code.exe;0.0;4.19;chrome.exe;0.0;3.57;Code.exe;0.0;2.28;jetbrains-toolbox.exe;0.0;1.72;chrome.exe;0.0;2.14;Code.exe;0.0;1.88;MsMpEng.exe;0.0;1.87;Notion.exe;0.0;0.61
19-11-2025 11:29:46;146342465155633;Hideo;idea64.exe;0.0;5.12;chrome.exe;0.0;3.26;Code.exe;0.0;4.17;chrome.exe;15.6;3.49;Code.exe;0.0;2.28;jetbrains-toolbox.exe;0.0;1.72;chrome.exe;0.0;2.14;Code.exe;0.0;1.88;MsMpEng.exe;0.0;1.87;Notion.exe;0.0;0.61
19-11-2025 11:29:47;146342465155633;Hideo;idea64.exe;0.0;5.12;chrome.exe;0.0;3.26;Code.exe;15.6;4.17;chrome.exe;0.0;3.49;Code.exe;0.0;2.28;jetbrains-toolbox.exe;0.0;1.72;chrome.exe;0.0;2.14;Code.exe;0.0;1.88;MsMpEng.exe;0.0;1.88;Notion.exe;0.0;0.61
19-11-2025 11:29:48;146342465155633;Hideo;idea64.exe;0.0;5.13;chrome.exe;0.0;3.26;Code.exe;15.6;4.18;chrome.exe;0.0;3.49;Code.exe;0.0;2.28;jetbrains-toolbox.exe;0.0;1.72;chrome.exe;0.0;2.14;Code.exe;0.0;1.88;MsMpEng.exe;0.0;1.88;Notion.exe;0.0;0.61
19-11-2025 11:29:49;146342465155633;Hideo;idea64.exe;0.0;5.14;chrome.exe;0.0;3.26;Code.exe;0.0;4.19;chrome.exe;0.0;3.49;Code.exe;0.0;2.28;jetbrains-toolbox.exe;0.0;1.72;chrome.exe;0.0;2.14;Code.exe;0.0;1.88;MsMpEng.exe;0.0;1.88;Notion.exe;0.0;0.61
19-11-2025 11:29:50;146342465155633;Hideo;idea64.exe;0.0;5.14;chrome.exe;0.0;3.26;Code.exe;0.0;4.1;chrome.exe;0.0;3.49;Code.exe;0.0;2.28;jetbrains-toolbox.exe;0.0;1.72;chrome.exe;0.0;2.14;Code.exe;0.0;1.88;MsMpEng.exe;0.0;1.88;Notion.exe;0.0;0.61
19-11-2025 11:29:51;146342465155633;Hideo;idea64.exe;0.0;5.15;chrome.exe;0.0;3.26;Code.exe;0.0;4.11;chrome.exe;0.0;3.49;Code.exe;0.0;2.28;jetbrains-toolbox.exe;0.0;1.72;chrome.exe;0.0;2.14;Code.exe;0.0;1.88;MsMpEng.exe;0.0;1.88;Notion.exe;0.0;0.61
19-11-2025 11:29:52;146342465155633;Hideo;idea64.exe;0.0;5.15;chrome.exe;0.0;3.26;Code.exe;0.0;4.12;chrome.exe;0.0;3.49;Code.exe;0.0;2.28;jetbrains-toolbox.exe;0.0;1.72;chrome.exe;0.0;2.14;Code.exe;0.0;1.88;MsMpEng.exe;0.0;1.9;Notion.exe;0.0;0.61
19-11-2025 11:29:53;146342465155633;Hideo;idea64.exe;0.0;5.16;chrome.exe;0.0;3.25;Code.exe;0.0;4.14;chrome.exe;0.0;3.49;Code.exe;0.0;2.28;jetbrains-toolbox.exe;0.0;1.72;chrome.exe;0.0;2.14;Code.exe;0.0;1.88;MsMpEng.exe;0.0;1.91;Notion.exe;0.0;0.61
19-11-2025 11:29:54;146342465155633;Hideo;idea64.exe;0.0;5.16;chrome.exe;0.0;3.24;Code.exe;0.0;4.11;chrome.exe;0.0;3.49;Code.exe;0.0;2.28;jetbrains-toolbox.exe;0.0;1.72;chrome.exe;0.0;2.14;Code.exe;0.0;1.88;MsMpEng.exe;0.0;1.91;Notion.exe;0.0;0.61
19-11-2025 11:29:55;146342465155633;Hideo;idea64.exe;15.5;5.17;chrome.exe;0.0;3.23;Code.exe;0.0;4.12;chrome.exe;0.0;3.49;Code.exe;0.0;2.28;jetbrains-toolbox.exe;0.0;1.72;chrome.exe;0.0;2.14;Code.exe;0.0;1.88;MsMpEng.exe;0.0;1.91;Notion.exe;0.0;0.61
19-11-2025 11:29:56;146342465155633;Hideo;idea64.exe;0.0;5.2;chrome.exe;0.0;3.22;Code.exe;0.0;4.12;chrome.exe;0.0;3.47;Code.exe;0.0;2.28;jetbrains-toolbox.exe;0.0;1.72;chrome.exe;0.0;2.14;Code.exe;0.0;1.88;MsMpEng.exe;0.0;1.91;Notion.exe;0.0;0.61
19-11-2025 11:29:57;146342465155633;Hideo;idea64.exe;0.0;5.21;chrome.exe;0.0;3.21;Code.exe;31.0;4.12;chrome.exe;0.0;3.47;Code.exe;0.0;2.28;jetbrains-toolbox.exe;0.0;1.72;chrome.exe;0.0;2.14;Code.exe;0.0;1.88;MsMpEng.exe;0.0;1.93;Notion.exe;0.0;0.62
19-11-2025 11:29:58;146342465155633;Hideo;idea64.exe;0.0;5.22;chrome.exe;0.0;3.21;Code.exe;0.0;4.13;chrome.exe;0.0;3.47;Code.exe;0.0;2.28;jetbrains-toolbox.exe;0.0;1.72;chrome.exe;0.0;2.14;Code.exe;0.0;1.88;MsMpEng.exe;0.0;1.95;Notion.exe;0.0;0.62
19-11-2025 11:29:59;146342465155633;Hideo;idea64.exe;0.0;5.22;chrome.exe;0.0;3.21;Code.exe;0.0;4.14;chrome.exe;0.0;3.47;Code.exe;0.0;2.28;jetbrains-toolbox.exe;0.0;1.73;chrome.exe;0.0;2.14;Code.exe;0.0;1.88;MsMpEng.exe;0.0;1.87;Notion.exe;0.0;0.62
19-11-2025 11:30:00;146342465155633;Hideo;idea64.exe;0.0;5.22;chrome.exe;0.0;3.21;Code.exe;0.0;4.14;chrome.exe;0.0;3.47;Code.exe;0.0;2.28;jetbrains-toolbox.exe;0.0;1.73;chrome.exe;0.0;2.14;Code.exe;0.0;1.88;MsMpEng.exe;0.0;1.87;Notion.exe;0.0;0.62
19-11-2025 11:30:01;146342465155633;Hideo;idea64.exe;0.0;5.23;chrome.exe;0.0;3.2;Code.exe;0.0;4.14;chrome.exe;0.0;3.47;Code.exe;0.0;2.28;jetbrains-toolbox.exe;0.0;1.73;chrome.exe;0.0;2.14;Code.exe;0.0;1.88;MsMpEng.exe;0.0;1.87;Notion.exe;0.0;0.62
19-11-2025 11:30:02;146342465155633;Hideo;idea64.exe;0.0;5.24;chrome.exe;0.0;3.19;Code.exe;0.0;4.13;chrome.exe;0.0;3.47;Code.exe;0.0;2.28;jetbrains-toolbox.exe;0.0;1.73;chrome.exe;0.0;2.14;Code.exe;0.0;1.88;MsMpEng.exe;0.0;1.88;Notion.exe;0.0;0.62
19-11-2025 11:30:03;146342465155633;Hideo;idea64.exe;0.0;5.24;chrome.exe;0.0;3.18;Code.exe;0.0;4.15;chrome.exe;0.0;3.47;Code.exe;0.0;2.28;jetbrains-toolbox.exe;0.0;1.73;chrome.exe;0.0;2.14;Code.exe;0.0;1.88;MsMpEng.exe;14.6;1.88;Notion.exe;0.0;0.62
19-11-2025 11:30:04;146342465155633;Hideo;idea64.exe;0.0;5.26;chrome.exe;0.0;3.18;Code.exe;0.0;4.15;chrome.exe;0.0;3.47;Code.exe;0.0;2.28;jetbrains-toolbox.exe;0.0;1.73;chrome.exe;0.0;2.19;Code.exe;0.0;1.88;MsMpEng.exe;0.0;1.72;Notion.exe;0.0;0.62
19-11-2025 11:30:05;146342465155633;Hideo;idea64.exe;0.0;5.36;chrome.exe;0.0;3.13;Code.exe;0.0;4.16;chrome.exe;0.0;3.47;Code.exe;0.0;2.28;jetbrains-toolbox.exe;0.0;1.73;chrome.exe;0.0;2.33;Code.exe;0.0;1.88;MsMpEng.exe;0.0;1.87;Notion.exe;0.0;0.62
19-11-2025 11:30:06;146342465155633;Hideo;idea64.exe;0.0;5.36;chrome.exe;0.0;3.13;Code.exe;0.0;4.15;chrome.exe;0.0;3.45;Code.exe;0.0;2.28;jetbrains-toolbox.exe;0.0;1.73;chrome.exe;0.0;2.18;Code.exe;0.0;1.88;MsMpEng.exe;0.0;1.87;Notion.exe;0.0;0.62
19-11-2025 11:30:08;146342465155633;Hideo;idea64.exe;0.0;5.37;chrome.exe;0.0;3.05;Code.exe;0.0;4.16;chrome.exe;0.0;3.45;Code.exe;0.0;2.28;jetbrains-toolbox.exe;0.0;1.73;chrome.exe;0.0;2.24;Code.exe;0.0;1.88;MsMpEng.exe;0.0;1.88;Notion.exe;0.0;0.62
19-11-2025 11:30:09;146342465155633;Hideo;idea64.exe;0.0;5.38;chrome.exe;0.0;2.8;Code.exe;0.0;4.17;chrome.exe;0.0;3.45;Code.exe;0.0;2.28;jetbrains-toolbox.exe;0.0;1.73;chrome.exe;62.1;2.24;Code.exe;0.0;1.88;MsMpEng.exe;0.0;1.88;Notion.exe;0.0;0.62
19-11-2025 11:30:10;146342465155633;Hideo;idea64.exe;0.0;5.38;chrome.exe;0.0;2.62;Code.exe;0.0;4.18;chrome.exe;0.0;3.45;Code.exe;0.0;2.28;jetbrains-toolbox.exe;15.6;1.73;chrome.exe;0.0;2.24;Code.exe;0.0;1.88;MsMpEng.exe;0.0;1.88;Notion.exe;0.0;0.62
19-11-2025 11:30:11;146342465155633;Hideo;idea64.exe;0.0;5.39;chrome.exe;0.0;2.57;Code.exe;0.0;4.18;chrome.exe;0.0;3.45;Code.exe;0.0;2.28;jetbrains-toolbox.exe;0.0;1.73;chrome.exe;0.0;2.18;Code.exe;0.0;1.88;MsMpEng.exe;0.0;1.88;Notion.exe;0.0;0.62
19-11-2025 11:30:12;146342465155633;Hideo;idea64.exe;0.0;5.39;chrome.exe;0.0;2.57;Code.exe;0.0;4.18;chrome.exe;0.0;3.45;Code.exe;0.0;2.28;jetbrains-toolbox.exe;0.0;1.73;chrome.exe;0.0;2.22;Code.exe;0.0;1.88;MsMpEng.exe;0.0;1.88;Notion.exe;0.0;0.62
19-11-2025 11:30:13;146342465155633;Hideo;idea64.exe;0.0;5.4;chrome.exe;0.0;2.57;Code.exe;0.0;4.18;chrome.exe;15.6;3.45;Code.exe;0.0;2.28;jetbrains-toolbox.exe;0.0;1.73;chrome.exe;0.0;2.22;Code.exe;0.0;1.88;MsMpEng.exe;0.0;1.94;Notion.exe;0.0;0.62
19-11-2025 11:30:14;146342465155633;Hideo;idea64.exe;0.0;5.4;chrome.exe;0.0;2.57;Code.exe;0.0;4.16;chrome.exe;0.0;3.45;Code.exe;0.0;2.28;jetbrains-toolbox.exe;0.0;1.73;chrome.exe;0.0;2.19;Code.exe;0.0;1.88;MsMpEng.exe;0.0;1.9;Notion.exe;0.0;0.62
19-11-2025 11:30:15;146342465155633;Hideo;idea64.exe;0.0;5.4;chrome.exe;0.0;2.57;Code.exe;0.0;4.11;chrome.exe;0.0;3.45;Code.exe;0.0;2.28;jetbrains-toolbox.exe;0.0;1.73;chrome.exe;0.0;2.18;Code.exe;0.0;1.88;MsMpEng.exe;0.0;1.9;Notion.exe;0.0;0.62
19-11-2025 11:30:16;146342465155633;Hideo;idea64.exe;0.0;5.41;chrome.exe;0.0;2.57;Code.exe;0.0;4.11;chrome.exe;0.0;3.45;Code.exe;0.0;2.28;jetbrains-toolbox.exe;0.0;1.73;chrome.exe;0.0;2.18;Code.exe;0.0;1.88;MsMpEng.exe;0.0;1.9;Notion.exe;0.0;0.62
19-11-2025 11:30:17;146342465155633;Hideo;idea64.exe;0.0;5.42;chrome.exe;0.0;2.57;Code.exe;0.0;4.11;chrome.exe;0.0;3.45;Code.exe;0.0;2.28;jetbrains-toolbox.exe;0.0;1.73;chrome.exe;0.0;2.18;Code.exe;0.0;1.88;MsMpEng.exe;0.0;1.9;Notion.exe;0.0;0.62
19-11-2025 11:30:18;146342465155633;Hideo;idea64.exe;0.0;5.42;chrome.exe;0.0;2.57;Code.exe;0.0;4.12;chrome.exe;0.0;3.45;Code.exe;0.0;2.28;jetbrains-toolbox.exe;0.0;1.73;chrome.exe;0.0;2.18;Code.exe;0.0;1.88;MsMpEng.exe;0.0;1.91;Notion.exe;0.0;0.62
19-11-2025 11:30:19;146342465155633;Hideo;idea64.exe;15.6;5.43;chrome.exe;0.0;2.57;Code.exe;0.0;4.12;chrome.exe;0.0;3.45;Code.exe;0.0;2.28;jetbrains-toolbox.exe;0.0;1.73;chrome.exe;0.0;2.18;Code.exe;0.0;1.88;MsMpEng.exe;0.0;1.91;Notion.exe;0.0;0.62
19-11-2025 11:30:20;146342465155633;Hideo;idea64.exe;0.0;5.43;chrome.exe;0.0;2.57;Code.exe;0.0;4.13;chrome.exe;0.0;3.45;Code.exe;0.0;2.28;jetbrains-toolbox.exe;0.0;1.73;chrome.exe;0.0;2.18;Code.exe;0.0;1.88;MsMpEng.exe;0.0;1.91;Notion.exe;0.0;0.62
19-11-2025 11:30:21;146342465155633;Hideo;idea64.exe;31.1;5.44;chrome.exe;0.0;2.57;Code.exe;0.0;4.13;chrome.exe;0.0;3.45;Code.exe;0.0;2.28;jetbrains-toolbox.exe;0.0;1.73;chrome.exe;0.0;2.18;Code.exe;0.0;1.88;MsMpEng.exe;0.0;1.91;Notion.exe;0.0;0.62
19-11-2025 11:30:22;146342465155633;Hideo;idea64.exe;15.6;5.44;chrome.exe;0.0;2.57;Code.exe;0.0;4.13;chrome.exe;0.0;3.46;Code.exe;0.0;2.28;jetbrains-toolbox.exe;0.0;1.73;chrome.exe;0.0;2.18;Code.exe;0.0;1.88;MsMpEng.exe;0.0;1.91;Notion.exe;0.0;0.62
19-11-2025 11:30:23;146342465155633;Hideo;idea64.exe;0.0;5.45;chrome.exe;0.0;2.57;Code.exe;0.0;4.13;chrome.exe;0.0;3.46;Code.exe;0.0;2.28;jetbrains-toolbox.exe;0.0;1.73;chrome.exe;0.0;2.18;Code.exe;0.0;1.88;MsMpEng.exe;0.0;1.92;Notion.exe;0.0;0.62
19-11-2025 11:30:24;146342465155633;Hideo;idea64.exe;0.0;5.45;chrome.exe;0.0;2.6;Code.exe;0.0;4.15;chrome.exe;0.0;3.46;Code.exe;0.0;2.28;jetbrains-toolbox.exe;0.0;1.73;chrome.exe;0.0;2.18;Code.exe;0.0;1.88;MsMpEng.exe;0.0;1.92;Notion.exe;0.0;0.62
19-11-2025 11:30:25;146342465155633;Hideo;idea64.exe;15.6;5.46;chrome.exe;0.0;2.6;Code.exe;0.0;4.16;chrome.exe;0.0;3.46;Code.exe;0.0;2.28;jetbrains-toolbox.exe;0.0;1.73;chrome.exe;0.0;2.18;Code.exe;0.0;1.88;MsMpEng.exe;0.0;1.92;Notion.exe;0.0;0.63
19-11-2025 11:30:26;146342465155633;Hideo;idea64.exe;0.0;5.46;chrome.exe;0.0;2.6;Code.exe;0.0;4.16;chrome.exe;0.0;3.46;Code.exe;0.0;2.28;jetbrains-toolbox.exe;0.0;1.73;chrome.exe;0.0;2.18;Code.exe;0.0;1.88;MsMpEng.exe;0.0;1.92;Notion.exe;0.0;0.63
19-11-2025 11:30:27;146342465155633;Hideo;idea64.exe;0.0;5.46;chrome.exe;0.0;2.6;Code.exe;0.0;4.14;chrome.exe;0.0;3.46;Code.exe;0.0;2.28;jetbrains-toolbox.exe;0.0;1.73;chrome.exe;0.0;2.18;Code.exe;0.0;1.87;MsMpEng.exe;0.0;1.92;Notion.exe;0.0;0.63
19-11-2025 11:30:28;146342465155633;Hideo;idea64.exe;0.0;5.47;chrome.exe;0.0;2.6;Code.exe;15.5;4.15;chrome.exe;0.0;3.46;Code.exe;0.0;2.28;jetbrains-toolbox.exe;0.0;1.73;chrome.exe;0.0;2.18;Code.exe;0.0;1.87;MsMpEng.exe;14.6;1.93;Notion.exe;0.0;0.63
19-11-2025 11:30:29;146342465155633;Hideo;idea64.exe;0.0;5.47;chrome.exe;0.0;2.6;Code.exe;0.0;4.16;chrome.exe;0.0;3.46;Code.exe;0.0;2.28;jetbrains-toolbox.exe;0.0;1.73;chrome.exe;0.0;2.18;Code.exe;0.0;1.87;MsMpEng.exe;0.0;1.94;Notion.exe;0.0;0.63
19-11-2025 11:30:30;146342465155633;Hideo;idea64.exe;0.0;5.48;chrome.exe;0.0;2.6;Code.exe;0.0;4.16;chrome.exe;0.0;3.46;Code.exe;0.0;2.28;jetbrains-toolbox.exe;0.0;1.73;chrome.exe;0.0;2.18;Code.exe;0.0;1.87;MsMpEng.exe;14.4;1.87;Notion.exe;0.0;0.63
19-11-2025 11:30:31;146342465155633;Hideo;idea64.exe;0.0;5.49;chrome.exe;0.0;2.6;Code.exe;0.0;4.15;chrome.exe;0.0;3.46;Code.exe;0.0;2.28;jetbrains-toolbox.exe;0.0;1.73;chrome.exe;0.0;2.18;Code.exe;0.0;1.87;MsMpEng.exe;14.6;1.86;Notion.exe;0.0;0.63
19-11-2025 11:30:32;146342465155633;Hideo;idea64.exe;0.0;5.49;chrome.exe;0.0;2.6;Code.exe;0.0;4.16;chrome.exe;0.0;3.46;Code.exe;0.0;2.28;jetbrains-toolbox.exe;0.0;1.73;chrome.exe;0.0;2.18;Code.exe;0.0;1.87;MsMpEng.exe;0.0;1.86;Notion.exe;0.0;0.63
19-11-2025 11:30:34;146342465155633;Hideo;idea64.exe;15.6;5.5;chrome.exe;0.0;2.6;Code.exe;0.0;4.17;chrome.exe;0.0;3.46;Code.exe;0.0;2.28;jetbrains-toolbox.exe;0.0;1.73;chrome.exe;0.0;2.18;Code.exe;0.0;1.87;MsMpEng.exe;0.0;1.88;Notion.exe;0.0;0.63
19-11-2025 11:30:35;146342465155633;Hideo;idea64.exe;0.0;5.5;chrome.exe;0.0;2.6;Code.exe;0.0;4.21;chrome.exe;0.0;3.46;Code.exe;0.0;2.28;jetbrains-toolbox.exe;0.0;1.73;chrome.exe;0.0;2.18;Code.exe;0.0;1.87;MsMpEng.exe;0.0;1.87;Notion.exe;0.0;0.63
19-11-2025 11:30:36;146342465155633;Hideo;idea64.exe;0.0;5.51;chrome.exe;0.0;2.6;Code.exe;0.0;4.18;chrome.exe;0.0;3.46;Code.exe;0.0;2.28;jetbrains-toolbox.exe;0.0;1.73;chrome.exe;0.0;2.18;Code.exe;0.0;1.87;MsMpEng.exe;0.0;1.87;Notion.exe;0.0;0.63
19-11-2025 11:30:37;146342465155633;Hideo;idea64.exe;0.0;5.52;chrome.exe;0.0;2.6;Code.exe;0.0;4.14;chrome.exe;0.0;3.46;Code.exe;0.0;2.28;jetbrains-toolbox.exe;0.0;1.73;chrome.exe;0.0;2.18;Code.exe;0.0;1.87;MsMpEng.exe;0.0;1.87;Notion.exe;0.0;0.63
19-11-2025 11:30:38;146342465155633;Hideo;idea64.exe;0.0;5.52;chrome.exe;0.0;2.6;Code.exe;0.0;4.15;chrome.exe;0.0;3.46;Code.exe;0.0;2.28;jetbrains-toolbox.exe;0.0;1.73;chrome.exe;0.0;2.2;Code.exe;0.0;1.87;MsMpEng.exe;0.0;1.88;Notion.exe;0.0;0.63
19-11-2025 11:30:39;146342465155633;Hideo;idea64.exe;0.0;5.53;chrome.exe;0.0;2.58;Code.exe;0.0;4.16;chrome.exe;0.0;3.46;Code.exe;0.0;2.28;jetbrains-toolbox.exe;0.0;1.73;chrome.exe;0.0;2.23;Code.exe;0.0;1.87;MsMpEng.exe;14.6;1.93;Notion.exe;0.0;0.63
19-11-2025 11:30:40;146342465155633;Hideo;idea64.exe;0.0;5.53;chrome.exe;0.0;2.54;Code.exe;0.0;4.11;chrome.exe;0.0;3.46;Code.exe;0.0;2.28;jetbrains-toolbox.exe;0.0;1.73;chrome.exe;0.0;2.23;Code.exe;0.0;1.87;MsMpEng.exe;0.0;1.91;Notion.exe;0.0;0.63
19-11-2025 11:30:41;146342465155633;Hideo;idea64.exe;0.0;5.54;chrome.exe;0.0;2.54;Code.exe;0.0;4.11;chrome.exe;0.0;3.46;Code.exe;0.0;2.28;jetbrains-toolbox.exe;0.0;1.73;chrome.exe;0.0;2.28;Code.exe;0.0;1.87;MsMpEng.exe;0.0;1.9;Notion.exe;0.0;0.63
19-11-2025 11:30:42;146342465155633;Hideo;idea64.exe;0.0;5.54;chrome.exe;0.0;2.38;Code.exe;0.0;4.12;chrome.exe;0.0;3.46;Code.exe;0.0;2.28;jetbrains-toolbox.exe;0.0;1.73;chrome.exe;0.0;2.29;Code.exe;0.0;1.87;MsMpEng.exe;0.0;1.91;Notion.exe;0.0;0.63
19-11-2025 11:30:43;146342465155633;Hideo;idea64.exe;0.0;5.55;chrome.exe;0.0;2.34;Code.exe;15.5;4.12;chrome.exe;0.0;3.46;Code.exe;0.0;2.28;jetbrains-toolbox.exe;0.0;1.73;chrome.exe;0.0;2.18;Code.exe;0.0;1.87;MsMpEng.exe;0.0;1.93;Notion.exe;0.0;0.63
19-11-2025 11:30:44;146342465155633;Hideo;idea64.exe;0.0;5.55;chrome.exe;0.0;2.33;Code.exe;0.0;4.1;chrome.exe;0.0;3.46;Code.exe;0.0;2.28;jetbrains-toolbox.exe;0.0;1.73;chrome.exe;0.0;2.18;Code.exe;0.0;1.87;MsMpEng.exe;0.0;1.92;Notion.exe;0.0;0.63
19-11-2025 11:30:45;146342465155633;Hideo;idea64.exe;0.0;5.56;chrome.exe;0.0;2.33;Code.exe;0.0;4.13;chrome.exe;0.0;3.46;Code.exe;0.0;2.28;jetbrains-toolbox.exe;0.0;1.73;chrome.exe;0.0;2.18;Code.exe;0.0;1.87;MsMpEng.exe;0.0;1.92;Notion.exe;0.0;0.63
19-11-2025 11:30:46;146342465155633;Hideo;idea64.exe;0.0;5.56;chrome.exe;0.0;2.32;Code.exe;0.0;4.13;chrome.exe;0.0;3.46;Code.exe;0.0;2.28;jetbrains-toolbox.exe;0.0;1.73;chrome.exe;0.0;2.18;Code.exe;0.0;1.87;MsMpEng.exe;0.0;1.92;Notion.exe;0.0;0.63
19-11-2025 11:30:47;146342465155633;Hideo;idea64.exe;0.0;5.57;chrome.exe;0.0;2.3;Code.exe;0.0;4.14;chrome.exe;0.0;3.46;Code.exe;0.0;2.28;jetbrains-toolbox.exe;0.0;1.73;chrome.exe;0.0;2.18;Code.exe;0.0;1.87;MsMpEng.exe;0.0;1.92;Notion.exe;0.0;0.63
19-11-2025 11:30:48;146342465155633;Hideo;idea64.exe;15.5;5.57;chrome.exe;0.0;2.29;Code.exe;0.0;4.13;chrome.exe;0.0;3.46;Code.exe;0.0;2.28;jetbrains-toolbox.exe;0.0;1.73;chrome.exe;0.0;2.18;Code.exe;0.0;1.87;MsMpEng.exe;0.0;1.92;Notion.exe;0.0;0.63
19-11-2025 11:30:49;146342465155633;Hideo;idea64.exe;0.0;5.58;chrome.exe;0.0;2.28;Code.exe;15.5;4.14;chrome.exe;0.0;3.46;Code.exe;0.0;2.28;jetbrains-toolbox.exe;0.0;1.73;chrome.exe;0.0;2.18;Code.exe;0.0;1.87;MsMpEng.exe;0.0;1.93;Notion.exe;0.0;0.63
19-11-2025 11:30:50;146342465155633;Hideo;idea64.exe;0.0;5.58;chrome.exe;0.0;2.28;Code.exe;0.0;4.15;chrome.exe;0.0;3.46;Code.exe;0.0;2.28;jetbrains-toolbox.exe;0.0;1.73;chrome.exe;0.0;2.18;Code.exe;0.0;1.87;MsMpEng.exe;0.0;1.93;Notion.exe;0.0;0.63
19-11-2025 11:30:51;146342465155633;Hideo;idea64.exe;0.0;5.59;chrome.exe;0.0;2.27;Code.exe;0.0;4.16;chrome.exe;0.0;3.46;Code.exe;0.0;2.28;jetbrains-toolbox.exe;0.0;1.73;chrome.exe;0.0;2.18;Code.exe;0.0;1.87;MsMpEng.exe;0.0;1.93;Notion.exe;0.0;0.63
19-11-2025 11:30:52;146342465155633;Hideo;idea64.exe;0.0;5.59;chrome.exe;0.0;2.27;Code.exe;0.0;4.16;chrome.exe;0.0;3.46;Code.exe;0.0;2.28;jetbrains-toolbox.exe;0.0;1.73;chrome.exe;0.0;2.18;Code.exe;0.0;1.87;MsMpEng.exe;0.0;1.94;Notion.exe;0.0;0.63
19-11-2025 11:30:53;146342465155633;Hideo;idea64.exe;0.0;5.6;chrome.exe;0.0;2.27;Code.exe;0.0;4.15;chrome.exe;0.0;3.46;Code.exe;0.0;2.28;jetbrains-toolbox.exe;0.0;1.73;chrome.exe;0.0;2.18;Code.exe;0.0;1.87;MsMpEng.exe;0.0;1.94;Notion.exe;0.0;0.63
19-11-2025 11:30:54;146342465155633;Hideo;idea64.exe;0.0;5.6;chrome.exe;0.0;2.27;Code.exe;0.0;4.16;chrome.exe;0.0;3.46;Code.exe;0.0;2.28;jetbrains-toolbox.exe;0.0;1.73;chrome.exe;0.0;2.18;Code.exe;0.0;1.87;MsMpEng.exe;0.0;1.95;Notion.exe;0.0;0.64
19-11-2025 11:30:55;146342465155633;Hideo;idea64.exe;0.0;5.61;chrome.exe;0.0;2.27;Code.exe;0.0;4.17;chrome.exe;0.0;3.46;Code.exe;0.0;2.28;jetbrains-toolbox.exe;15.6;1.73;chrome.exe;0.0;2.18;Code.exe;0.0;1.87;MsMpEng.exe;0.0;1.96;Notion.exe;0.0;0.64
19-11-2025 11:30:56;146342465155633;Hideo;idea64.exe;0.0;5.64;chrome.exe;0.0;2.27;Code.exe;0.0;4.16;chrome.exe;0.0;3.46;Code.exe;0.0;2.28;jetbrains-toolbox.exe;15.5;1.73;chrome.exe;0.0;2.18;Code.exe;0.0;1.88;MsMpEng.exe;0.0;1.96;Notion.exe;0.0;0.64
19-11-2025 11:30:57;146342465155633;Hideo;idea64.exe;0.0;5.65;chrome.exe;0.0;2.32;Code.exe;15.5;4.18;chrome.exe;15.5;3.46;Code.exe;0.0;2.28;jetbrains-toolbox.exe;0.0;1.73;chrome.exe;0.0;2.18;Code.exe;0.0;1.88;MsMpEng.exe;0.0;1.96;Notion.exe;0.0;0.64
19-11-2025 11:30:58;146342465155633;Hideo;idea64.exe;0.0;5.65;chrome.exe;31.1;2.32;Code.exe;0.0;4.18;chrome.exe;0.0;3.46;Code.exe;0.0;2.28;jetbrains-toolbox.exe;0.0;1.73;chrome.exe;0.0;2.18;Code.exe;0.0;1.88;MsMpEng.exe;0.0;1.96;Notion.exe;0.0;0.64
19-11-2025 11:30:59;146342465155633;Hideo;idea64.exe;0.0;5.66;chrome.exe;15.6;2.33;Code.exe;109.1;4.15;chrome.exe;0.0;3.47;Code.exe;0.0;2.29;jetbrains-toolbox.exe;0.0;1.73;chrome.exe;31.2;2.18;Code.exe;0.0;1.88;MsMpEng.exe;0.0;1.96;Notion.exe;0.0;0.64
19-11-2025 11:31:00;146342465155633;Hideo;idea64.exe;0.0;5.66;chrome.exe;0.0;2.33;Code.exe;78.0;4.12;chrome.exe;0.0;3.47;Code.exe;0.0;2.29;jetbrains-toolbox.exe;0.0;1.73;chrome.exe;0.0;2.18;Code.exe;0.0;1.88;MsMpEng.exe;0.0;2.01;Notion.exe;0.0;0.64
19-11-2025 11:31:01;146342465155633;Hideo;idea64.exe;15.6;5.67;chrome.exe;0.0;2.33;Code.exe;0.0;4.13;chrome.exe;0.0;3.46;Code.exe;0.0;2.29;jetbrains-toolbox.exe;0.0;1.73;chrome.exe;0.0;2.18;Code.exe;0.0;1.88;MsMpEng.exe;0.0;1.93;Notion.exe;0.0;0.64
19-11-2025 11:31:03;146342465155633;Hideo;idea64.exe;0.0;5.67;chrome.exe;0.0;2.33;Code.exe;0.0;4.14;chrome.exe;0.0;3.46;Code.exe;0.0;2.29;jetbrains-toolbox.exe;0.0;1.73;chrome.exe;0.0;2.18;Code.exe;0.0;1.88;MsMpEng.exe;29.0;1.92;Notion.exe;0.0;0.64
19-11-2025 11:31:04;146342465155633;Hideo;idea64.exe;0.0;5.68;chrome.exe;0.0;2.33;Code.exe;0.0;4.15;chrome.exe;0.0;3.46;Code.exe;0.0;2.29;jetbrains-toolbox.exe;0.0;1.73;chrome.exe;0.0;2.18;Code.exe;0.0;1.89;MsMpEng.exe;28.8;1.92;Notion.exe;0.0;0.64
19-11-2025 11:31:05;146342465155633;Hideo;idea64.exe;46.6;5.72;chrome.exe;0.0;2.33;Code.exe;0.0;4.11;chrome.exe;0.0;3.46;Code.exe;0.0;2.29;jetbrains-toolbox.exe;0.0;1.73;chrome.exe;0.0;2.18;Code.exe;0.0;1.89;MsMpEng.exe;0.0;1.71;Notion.exe;0.0;0.64
19-11-2025 11:31:06;146342465155633;Hideo;idea64.exe;0.0;5.79;chrome.exe;0.0;2.32;Code.exe;0.0;4.12;chrome.exe;0.0;3.46;Code.exe;0.0;2.29;jetbrains-toolbox.exe;0.0;1.73;chrome.exe;15.6;2.18;Code.exe;0.0;1.89;MsMpEng.exe;0.0;1.9;Notion.exe;0.0;0.64
19-11-2025 11:31:07;146342465155633;Hideo;idea64.exe;13.3;5.8;chrome.exe;0.0;2.32;Code.exe;0.0;4.14;chrome.exe;0.0;3.46;Code.exe;0.0;2.29;jetbrains-toolbox.exe;0.0;1.73;chrome.exe;0.0;2.18;Code.exe;0.0;1.89;MsMpEng.exe;0.0;1.91;Notion.exe;0.0;0.64
19-11-2025 11:31:08;146342465155633;Hideo;idea64.exe;15.6;5.8;chrome.exe;0.0;2.32;Code.exe;46.7;4.14;chrome.exe;0.0;3.46;Code.exe;0.0;2.29;jetbrains-toolbox.exe;0.0;1.73;chrome.exe;0.0;2.18;Code.exe;0.0;1.89;MsMpEng.exe;0.0;1.91;Notion.exe;0.0;0.64
19-11-2025 11:31:09;146342465155633;Hideo;idea64.exe;0.0;5.81;chrome.exe;0.0;2.31;Code.exe;0.0;4.14;chrome.exe;0.0;3.46;Code.exe;0.0;2.29;jetbrains-toolbox.exe;0.0;1.73;chrome.exe;0.0;2.18;Code.exe;0.0;1.89;MsMpEng.exe;0.0;1.91;Notion.exe;0.0;0.64
19-11-2025 11:31:10;146342465155633;Hideo;idea64.exe;0.0;5.81;chrome.exe;0.0;2.3;Code.exe;0.0;4.15;chrome.exe;0.0;3.46;Code.exe;0.0;2.29;jetbrains-toolbox.exe;0.0;1.73;chrome.exe;0.0;2.19;Code.exe;0.0;1.89;MsMpEng.exe;0.0;1.91;Notion.exe;0.0;0.64
19-11-2025 11:31:11;146342465155633;Hideo;idea64.exe;0.0;5.82;chrome.exe;0.0;2.29;Code.exe;15.5;4.15;chrome.exe;0.0;3.42;Code.exe;0.0;2.29;jetbrains-toolbox.exe;0.0;1.73;chrome.exe;0.0;2.18;Code.exe;0.0;1.89;MsMpEng.exe;0.0;1.92;Notion.exe;0.0;0.64
19-11-2025 11:31:12;146342465155633;Hideo;idea64.exe;0.0;5.82;chrome.exe;0.0;2.29;Code.exe;0.0;4.16;chrome.exe;0.0;3.42;Code.exe;0.0;2.29;jetbrains-toolbox.exe;0.0;1.73;chrome.exe;0.0;2.18;Code.exe;0.0;1.89;MsMpEng.exe;0.0;1.92;Notion.exe;0.0;0.64
19-11-2025 11:31:13;146342465155633;Hideo;idea64.exe;0.0;5.83;chrome.exe;0.0;2.29;Code.exe;0.0;4.15;chrome.exe;0.0;3.42;Code.exe;0.0;2.29;jetbrains-toolbox.exe;0.0;1.73;chrome.exe;0.0;2.18;Code.exe;0.0;1.89;MsMpEng.exe;0.0;1.92;Notion.exe;0.0;0.64
19-11-2025 11:31:14;146342465155633;Hideo;idea64.exe;0.0;5.83;chrome.exe;0.0;2.29;Code.exe;0.0;4.16;chrome.exe;0.0;3.42;Code.exe;0.0;2.29;jetbrains-toolbox.exe;0.0;1.73;chrome.exe;0.0;2.18;Code.exe;0.0;1.89;MsMpEng.exe;0.0;1.92;Notion.exe;0.0;0.64
19-11-2025 11:31:15;146342465155633;Hideo;idea64.exe;0.0;5.84;chrome.exe;0.0;2.29;Code.exe;0.0;4.16;chrome.exe;0.0;3.42;Code.exe;0.0;2.29;jetbrains-toolbox.exe;0.0;1.73;chrome.exe;0.0;2.18;Code.exe;0.0;1.89;MsMpEng.exe;14.2;1.88;Notion.exe;31.1;0.66
19-11-2025 11:31:16;146342465155633;Hideo;idea64.exe;0.0;5.85;chrome.exe;0.0;2.57;Code.exe;178.3;4.17;chrome.exe;0.0;3.43;Code.exe;0.0;2.3;jetbrains-toolbox.exe;0.0;1.8;chrome.exe;0.0;1.97;Code.exe;0.0;1.31;MsMpEng.exe;51.0;2.46;Notion.exe;0.0;0.77
19-11-2025 12:03:34;146342465155633;Hideo;idea64.exe;0.0;5.56;chrome.exe;0.0;1.95;Code.exe;0.0;4.01;chrome.exe;0.0;2.94;Code.exe;0.0;2.03;jetbrains-toolbox.exe;0.0;1.39;chrome.exe;24.3;2.03;Code.exe;0.0;1.04;MsMpEng.exe;101.2;2.45;Notion.exe;15.6;0.96
19-11-2025 12:03:36;146342465155633;Hideo;idea64.exe;53.9;6.47;chrome.exe;0.0;1.82;Code.exe;0.0;4.03;chrome.exe;46.4;2.76;Code.exe;0.0;1.97;jetbrains-toolbox.exe;0.0;1.13;chrome.exe;108.2;2.49;Code.exe;0.0;0.91;MsMpEng.exe;53.5;2.49;Notion.exe;14.2;1.47
19-11-2025 12:03:37;146342465155633;Hideo;idea64.exe;0.0;5.44;chrome.exe;0.0;1.48;Code.exe;0.0;3.4;chrome.exe;62.3;2.01;Code.exe;0.0;1.11;jetbrains-toolbox.exe;13.7;0.92;chrome.exe;0.0;1.28;Code.exe;0.0;0.77;MsMpEng.exe;61.5;2.51;Notion.exe;0.0;1.59
19-11-2025 12:03:38;146342465155633;Hideo;idea64.exe;0.0;4.71;chrome.exe;0.0;1.76;Code.exe;15.2;2.98;chrome.exe;0.0;1.87;Code.exe;0.0;0.66;jetbrains-toolbox.exe;0.0;0.83;chrome.exe;15.5;1.54;Code.exe;0.0;0.77;MsMpEng.exe;146.5;2.63;Notion.exe;30.9;1.71
19-11-2025 12:03:39;146342465155633;Hideo;idea64.exe;0.0;4.71;chrome.exe;0.0;1.66;Code.exe;0.0;3.02;chrome.exe;0.0;1.89;Code.exe;0.0;0.66;jetbrains-toolbox.exe;0.0;0.83;chrome.exe;0.0;1.7;Code.exe;0.0;0.77;MsMpEng.exe;55.7;2.57;Notion.exe;0.0;1.86
19-11-2025 12:03:40;146342465155633;Hideo;idea64.exe;0.0;4.72;chrome.exe;0.0;1.66;Code.exe;0.0;2.84;chrome.exe;0.0;1.89;Code.exe;0.0;0.66;jetbrains-toolbox.exe;0.0;0.83;chrome.exe;0.0;1.69;Code.exe;0.0;0.77;MsMpEng.exe;0.0;2.6;Notion.exe;15.5;1.94
19-11-2025 12:03:41;146342465155633;Hideo;idea64.exe;0.0;4.72;chrome.exe;0.0;1.65;Code.exe;0.0;2.81;chrome.exe;0.0;1.89;Code.exe;0.0;0.66;jetbrains-toolbox.exe;0.0;0.83;chrome.exe;93.4;1.93;Code.exe;0.0;0.77;MsMpEng.exe;14.0;2.59;Notion.exe;0.0;1.98
19-11-2025 12:03:42;146342465155633;Hideo;idea64.exe;0.0;4.73;chrome.exe;0.0;1.65;Code.exe;0.0;2.8;chrome.exe;0.0;1.89;Code.exe;0.0;0.66;jetbrains-toolbox.exe;0.0;0.83;chrome.exe;77.8;2.01;Code.exe;0.0;0.77;MsMpEng.exe;72.2;2.59;Notion.exe;0.0;2.09
19-11-2025 12:03:43;146342465155633;Hideo;idea64.exe;0.0;4.74;chrome.exe;0.0;1.65;Code.exe;15.2;2.82;chrome.exe;0.0;1.89;Code.exe;0.0;0.66;jetbrains-toolbox.exe;0.0;0.83;chrome.exe;543.2;2.01;Code.exe;0.0;0.77;MsMpEng.exe;0.0;2.61;Notion.exe;0.0;2.1
19-11-2025 12:03:44;146342465155633;Hideo;idea64.exe;0.0;4.74;chrome.exe;0.0;1.65;Code.exe;371.0;3.02;chrome.exe;0.0;1.91;Code.exe;0.0;0.66;jetbrains-toolbox.exe;0.0;0.85;chrome.exe;183.5;2.03;Code.exe;0.0;0.77;MsMpEng.exe;68.9;2.65;Notion.exe;0.0;2.12
19-11-2025 12:03:46;146342465155633;Hideo;idea64.exe;0.0;4.75;chrome.exe;0.0;1.65;Code.exe;171.4;3.29;chrome.exe;0.0;1.93;Code.exe;0.0;0.66;jetbrains-toolbox.exe;0.0;0.85;chrome.exe;31.1;2.07;Code.exe;0.0;0.77;MsMpEng.exe;0.0;2.69;Notion.exe;0.0;2.16
19-11-2025 12:03:47;146342465155633;Hideo;idea64.exe;0.0;4.75;chrome.exe;0.0;1.65;Code.exe;93.7;3.51;chrome.exe;0.0;1.93;Code.exe;0.0;0.66;jetbrains-toolbox.exe;0.0;0.85;chrome.exe;0.0;2.07;Code.exe;0.0;0.77;MsMpEng.exe;0.0;2.7;Notion.exe;0.0;2.16
19-11-2025 12:03:48;146342465155633;Hideo;idea64.exe;0.0;4.76;chrome.exe;0.0;1.65;Code.exe;140.0;3.57;chrome.exe;0.0;1.93;Code.exe;0.0;0.66;jetbrains-toolbox.exe;0.0;0.85;chrome.exe;0.0;2.07;Code.exe;0.0;0.77;MsMpEng.exe;0.0;2.65;Notion.exe;0.0;2.16
19-11-2025 12:03:49;146342465155633;Hideo;idea64.exe;0.0;4.76;chrome.exe;0.0;1.65;Code.exe;140.5;3.69;chrome.exe;0.0;1.93;Code.exe;0.0;0.66;jetbrains-toolbox.exe;0.0;0.85;chrome.exe;0.0;1.99;Code.exe;0.0;0.77;MsMpEng.exe;0.0;2.69;Notion.exe;0.0;2.16
19-11-2025 12:03:50;146342465155633;Hideo;idea64.exe;0.0;4.77;chrome.exe;0.0;1.65;Code.exe;124.6;3.87;chrome.exe;0.0;1.93;Code.exe;0.0;0.66;jetbrains-toolbox.exe;0.0;0.85;chrome.exe;0.0;1.99;Code.exe;0.0;0.77;MsMpEng.exe;51.2;2.68;Notion.exe;0.0;2.16
19-11-2025 12:03:51;146342465155633;Hideo;idea64.exe;0.0;4.77;chrome.exe;0.0;1.65;Code.exe;109.0;4.22;chrome.exe;0.0;1.93;Code.exe;0.0;0.66;jetbrains-toolbox.exe;0.0;0.85;chrome.exe;0.0;1.99;Code.exe;0.0;0.77;MsMpEng.exe;0.0;2.66;Notion.exe;0.0;2.16
19-11-2025 12:03:52;146342465155633;Hideo;idea64.exe;0.0;4.78;chrome.exe;0.0;1.65;Code.exe;77.8;4.2;chrome.exe;0.0;1.93;Code.exe;0.0;0.66;jetbrains-toolbox.exe;0.0;0.85;chrome.exe;0.0;1.99;Code.exe;0.0;0.77;MsMpEng.exe;0.0;2.66;Notion.exe;0.0;2.16
19-11-2025 12:03:53;146342465155633;Hideo;idea64.exe;15.5;4.81;chrome.exe;0.0;1.65;Code.exe;93.3;4.22;chrome.exe;0.0;1.93;Code.exe;0.0;0.66;jetbrains-toolbox.exe;0.0;0.85;chrome.exe;0.0;2.02;Code.exe;0.0;0.77;MsMpEng.exe;0.0;2.66;Notion.exe;0.0;2.16
19-11-2025 12:03:54;146342465155633;Hideo;idea64.exe;0.0;4.81;chrome.exe;0.0;1.65;Code.exe;108.8;4.11;chrome.exe;0.0;1.91;Code.exe;0.0;0.66;jetbrains-toolbox.exe;0.0;0.85;chrome.exe;0.0;2.02;Code.exe;0.0;0.77;MsMpEng.exe;0.0;2.71;Notion.exe;0.0;2.11
19-11-2025 12:03:55;146342465155633;Hideo;idea64.exe;0.0;4.82;chrome.exe;0.0;1.65;Code.exe;140.0;4.21;chrome.exe;0.0;1.91;Code.exe;0.0;0.66;jetbrains-toolbox.exe;0.0;0.85;chrome.exe;0.0;2.02;Code.exe;0.0;0.77;MsMpEng.exe;96.0;2.73;Notion.exe;0.0;2.11
19-11-2025 12:03:56;146342465155633;Hideo;idea64.exe;0.0;4.82;chrome.exe;0.0;1.65;Code.exe;77.7;4.18;chrome.exe;0.0;1.91;Code.exe;0.0;0.66;jetbrains-toolbox.exe;0.0;0.86;chrome.exe;0.0;2.01;Code.exe;0.0;0.77;MsMpEng.exe;0.0;2.74;Notion.exe;0.0;2.11
19-11-2025 12:03:57;146342465155633;Hideo;idea64.exe;0.0;4.83;chrome.exe;0.0;1.65;Code.exe;93.6;4.3;chrome.exe;0.0;1.91;Code.exe;0.0;0.66;jetbrains-toolbox.exe;0.0;0.86;chrome.exe;0.0;2.01;Code.exe;0.0;0.77;MsMpEng.exe;0.0;2.73;Notion.exe;0.0;2.11
19-11-2025 12:03:58;146342465155633;Hideo;idea64.exe;0.0;4.83;chrome.exe;0.0;1.65;Code.exe;156.0;4.22;chrome.exe;0.0;1.91;Code.exe;0.0;0.66;jetbrains-toolbox.exe;0.0;0.86;chrome.exe;0.0;2.02;Code.exe;0.0;0.77;MsMpEng.exe;0.0;2.73;Notion.exe;0.0;2.11
19-11-2025 12:03:59;146342465155633;Hideo;idea64.exe;0.0;4.84;chrome.exe;0.0;1.65;Code.exe;109.2;4.32;chrome.exe;0.0;1.91;Code.exe;0.0;0.66;jetbrains-toolbox.exe;0.0;0.86;chrome.exe;0.0;2.02;Code.exe;0.0;0.77;MsMpEng.exe;0.0;2.73;Notion.exe;0.0;2.11
19-11-2025 12:04:00;146342465155633;Hideo;idea64.exe;0.0;4.84;chrome.exe;0.0;1.65;Code.exe;202.2;4.38;chrome.exe;0.0;1.91;Code.exe;0.0;0.67;jetbrains-toolbox.exe;0.0;0.86;chrome.exe;0.0;2.02;Code.exe;0.0;0.77;MsMpEng.exe;70.7;2.76;Notion.exe;0.0;2.11
19-11-2025 12:04:01;146342465155633;Hideo;idea64.exe;0.0;4.85;chrome.exe;0.0;1.65;Code.exe;140.0;4.36;chrome.exe;0.0;1.91;Code.exe;0.0;0.67;jetbrains-toolbox.exe;0.0;0.86;chrome.exe;0.0;2.02;Code.exe;0.0;0.77;MsMpEng.exe;0.0;2.76;Notion.exe;0.0;2.11
19-11-2025 12:04:02;146342465155633;Hideo;idea64.exe;0.0;4.85;chrome.exe;0.0;1.65;Code.exe;155.5;4.28;chrome.exe;0.0;1.91;Code.exe;0.0;0.67;jetbrains-toolbox.exe;0.0;0.86;chrome.exe;0.0;2.02;Code.exe;0.0;0.77;MsMpEng.exe;0.0;2.78;Notion.exe;0.0;2.11
19-11-2025 12:04:03;146342465155633;Hideo;idea64.exe;0.0;4.9;chrome.exe;0.0;1.65;Code.exe;155.3;4.42;chrome.exe;0.0;1.91;Code.exe;0.0;0.67;jetbrains-toolbox.exe;0.0;0.86;chrome.exe;0.0;2.03;Code.exe;0.0;0.77;MsMpEng.exe;14.6;2.77;Notion.exe;0.0;1.97
19-11-2025 12:04:04;146342465155633;Hideo;idea64.exe;0.0;4.9;chrome.exe;0.0;1.65;Code.exe;108.9;4.38;chrome.exe;0.0;1.86;Code.exe;0.0;0.67;jetbrains-toolbox.exe;0.0;0.86;chrome.exe;0.0;2.02;Code.exe;0.0;0.77;MsMpEng.exe;0.0;2.73;Notion.exe;0.0;1.97
19-11-2025 12:04:05;146342465155633;Hideo;idea64.exe;31.2;4.91;chrome.exe;0.0;1.65;Code.exe;109.2;4.43;chrome.exe;0.0;1.86;Code.exe;0.0;0.67;jetbrains-toolbox.exe;0.0;0.86;chrome.exe;0.0;2.02;Code.exe;0.0;0.77;MsMpEng.exe;93.0;2.67;Notion.exe;0.0;1.98
19-11-2025 12:04:07;146342465155633;Hideo;idea64.exe;0.0;4.91;chrome.exe;0.0;1.69;Code.exe;15.6;4.48;chrome.exe;0.0;1.87;Code.exe;0.0;0.67;jetbrains-toolbox.exe;0.0;0.86;chrome.exe;0.0;2.02;Code.exe;0.0;0.77;MsMpEng.exe;0.0;2.65;Notion.exe;0.0;1.98
19-11-2025 12:04:08;146342465155633;Hideo;idea64.exe;0.0;4.92;chrome.exe;0.0;1.69;Code.exe;108.8;4.39;chrome.exe;0.0;1.87;Code.exe;0.0;0.67;jetbrains-toolbox.exe;0.0;0.86;chrome.exe;0.0;2.02;Code.exe;0.0;0.77;MsMpEng.exe;0.0;2.64;Notion.exe;0.0;1.98
19-11-2025 12:04:09;146342465155633;Hideo;idea64.exe;0.0;4.93;chrome.exe;0.0;1.69;Code.exe;171.2;4.44;chrome.exe;0.0;1.87;Code.exe;0.0;0.67;jetbrains-toolbox.exe;0.0;0.86;chrome.exe;0.0;2.02;Code.exe;0.0;0.77;MsMpEng.exe;0.0;2.68;Notion.exe;0.0;1.98
19-11-2025 12:04:10;146342465155633;Hideo;idea64.exe;0.0;4.93;chrome.exe;0.0;1.69;Code.exe;124.6;4.33;chrome.exe;0.0;1.87;Code.exe;0.0;0.67;jetbrains-toolbox.exe;0.0;0.86;chrome.exe;0.0;2.02;Code.exe;0.0;0.77;MsMpEng.exe;0.0;2.68;Notion.exe;0.0;1.98
19-11-2025 12:04:11;146342465155633;Hideo;idea64.exe;0.0;4.94;chrome.exe;0.0;1.69;Code.exe;140.2;4.43;chrome.exe;0.0;1.87;Code.exe;0.0;0.67;jetbrains-toolbox.exe;0.0;0.86;chrome.exe;0.0;1.99;Code.exe;0.0;0.77;MsMpEng.exe;99.7;2.7;Notion.exe;0.0;1.98
19-11-2025 12:04:12;146342465155633;Hideo;idea64.exe;186.7;5.21;chrome.exe;0.0;1.69;Code.exe;62.2;4.48;chrome.exe;0.0;1.87;Code.exe;0.0;0.67;jetbrains-toolbox.exe;0.0;0.86;chrome.exe;0.0;1.97;Code.exe;0.0;0.77;MsMpEng.exe;14.4;2.7;Notion.exe;0.0;1.98
19-11-2025 12:04:13;146342465155633;Hideo;idea64.exe;139.9;5.86;chrome.exe;0.0;1.69;Code.exe;109.0;4.55;chrome.exe;0.0;1.87;Code.exe;0.0;0.67;jetbrains-toolbox.exe;0.0;0.86;chrome.exe;0.0;1.91;Code.exe;0.0;0.77;MsMpEng.exe;0.0;2.7;Notion.exe;0.0;1.98
19-11-2025 12:04:14;146342465155633;Hideo;idea64.exe;0.0;5.86;chrome.exe;0.0;1.69;Code.exe;108.9;4.43;chrome.exe;0.0;1.87;Code.exe;0.0;0.71;jetbrains-toolbox.exe;0.0;0.86;chrome.exe;0.0;1.91;Code.exe;0.0;0.77;MsMpEng.exe;0.0;2.7;Notion.exe;0.0;1.96
19-11-2025 12:04:15;146342465155633;Hideo;idea64.exe;0.0;5.87;chrome.exe;0.0;1.69;Code.exe;109.2;4.51;chrome.exe;0.0;1.87;Code.exe;0.0;0.71;jetbrains-toolbox.exe;0.0;0.86;chrome.exe;0.0;1.91;Code.exe;0.0;0.77;MsMpEng.exe;0.0;2.7;Notion.exe;0.0;1.96
19-11-2025 12:04:16;146342465155633;Hideo;idea64.exe;0.0;5.87;chrome.exe;0.0;1.69;Code.exe;77.7;4.38;chrome.exe;0.0;1.87;Code.exe;0.0;0.71;jetbrains-toolbox.exe;0.0;0.86;chrome.exe;0.0;1.95;Code.exe;0.0;0.77;MsMpEng.exe;29.2;2.71;Notion.exe;0.0;1.97
19-11-2025 12:04:17;146342465155633;Hideo;idea64.exe;15.5;5.88;chrome.exe;0.0;1.69;Code.exe;108.7;4.46;chrome.exe;0.0;1.87;Code.exe;0.0;0.71;jetbrains-toolbox.exe;0.0;0.86;chrome.exe;0.0;1.9;Code.exe;0.0;0.77;MsMpEng.exe;0.0;2.75;Notion.exe;0.0;1.97
19-11-2025 12:04:18;146342465155633;Hideo;idea64.exe;0.0;5.88;chrome.exe;0.0;1.69;Code.exe;109.2;4.45;chrome.exe;0.0;1.87;Code.exe;0.0;0.71;jetbrains-toolbox.exe;0.0;0.86;chrome.exe;0.0;1.9;Code.exe;0.0;0.77;MsMpEng.exe;0.0;2.74;Notion.exe;0.0;1.97
19-11-2025 12:04:19;146342465155633;Hideo;idea64.exe;0.0;5.89;chrome.exe;0.0;1.69;Code.exe;108.7;4.46;chrome.exe;0.0;1.87;Code.exe;0.0;0.71;jetbrains-toolbox.exe;0.0;0.86;chrome.exe;0.0;1.9;Code.exe;0.0;0.77;MsMpEng.exe;0.0;2.75;Notion.exe;0.0;1.97
19-11-2025 12:04:20;146342465155633;Hideo;idea64.exe;0.0;5.89;chrome.exe;0.0;1.69;Code.exe;108.7;4.51;chrome.exe;0.0;1.87;Code.exe;0.0;0.72;jetbrains-toolbox.exe;0.0;0.86;chrome.exe;0.0;1.9;Code.exe;0.0;0.77;MsMpEng.exe;0.0;2.75;Notion.exe;0.0;1.97
19-11-2025 12:04:21;146342465155633;Hideo;idea64.exe;0.0;5.9;chrome.exe;0.0;1.69;Code.exe;108.9;4.55;chrome.exe;0.0;1.87;Code.exe;0.0;0.72;jetbrains-toolbox.exe;0.0;0.86;chrome.exe;0.0;1.9;Code.exe;0.0;0.77;MsMpEng.exe;43.1;2.75;Notion.exe;0.0;1.97
19-11-2025 12:04:22;146342465155633;Hideo;idea64.exe;0.0;5.9;chrome.exe;0.0;1.69;Code.exe;108.9;4.42;chrome.exe;0.0;1.87;Code.exe;0.0;0.74;jetbrains-toolbox.exe;0.0;0.86;chrome.exe;0.0;1.9;Code.exe;0.0;0.77;MsMpEng.exe;0.0;2.76;Notion.exe;0.0;1.97
19-11-2025 12:04:23;146342465155633;Hideo;idea64.exe;0.0;5.91;chrome.exe;0.0;1.69;Code.exe;201.0;4.52;chrome.exe;0.0;1.87;Code.exe;0.0;0.74;jetbrains-toolbox.exe;0.0;0.86;chrome.exe;0.0;1.9;Code.exe;0.0;0.77;MsMpEng.exe;0.0;2.76;Notion.exe;0.0;1.93
19-11-2025 12:04:24;146342465155633;Hideo;idea64.exe;0.0;5.91;chrome.exe;0.0;1.69;Code.exe;77.7;4.44;chrome.exe;0.0;1.87;Code.exe;0.0;0.74;jetbrains-toolbox.exe;0.0;0.86;chrome.exe;0.0;1.89;Code.exe;0.0;0.77;MsMpEng.exe;0.0;2.76;Notion.exe;0.0;1.93
19-11-2025 12:04:25;146342465155633;Hideo;idea64.exe;0.0;5.92;chrome.exe;0.0;1.69;Code.exe;93.3;4.54;chrome.exe;0.0;1.87;Code.exe;0.0;0.74;jetbrains-toolbox.exe;0.0;0.86;chrome.exe;0.0;1.89;Code.exe;0.0;0.77;MsMpEng.exe;0.0;2.76;Notion.exe;0.0;1.93
19-11-2025 12:04:26;146342465155633;Hideo;idea64.exe;0.0;5.92;chrome.exe;0.0;1.69;Code.exe;109.1;4.55;chrome.exe;0.0;1.87;Code.exe;0.0;0.75;jetbrains-toolbox.exe;0.0;0.86;chrome.exe;0.0;1.89;Code.exe;0.0;0.77;MsMpEng.exe;57.7;2.77;Notion.exe;0.0;1.93
19-11-2025 12:04:27;146342465155633;Hideo;idea64.exe;0.0;5.93;chrome.exe;0.0;1.69;Code.exe;62.3;4.56;chrome.exe;0.0;1.87;Code.exe;0.0;0.75;jetbrains-toolbox.exe;0.0;0.87;chrome.exe;0.0;1.89;Code.exe;0.0;0.77;MsMpEng.exe;0.0;2.77;Notion.exe;0.0;1.93
19-11-2025 12:04:28;146342465155633;Hideo;idea64.exe;0.0;5.93;chrome.exe;0.0;1.69;Code.exe;109.1;4.63;chrome.exe;0.0;1.87;Code.exe;0.0;0.75;jetbrains-toolbox.exe;0.0;0.87;chrome.exe;0.0;1.88;Code.exe;0.0;0.77;MsMpEng.exe;0.0;2.77;Notion.exe;0.0;1.93
19-11-2025 12:04:29;146342465155633;Hideo;idea64.exe;0.0;5.94;chrome.exe;0.0;1.69;Code.exe;78.0;4.7;chrome.exe;0.0;1.87;Code.exe;0.0;0.75;jetbrains-toolbox.exe;0.0;0.87;chrome.exe;0.0;1.88;Code.exe;0.0;0.77;MsMpEng.exe;0.0;2.77;Notion.exe;0.0;1.93
19-11-2025 12:04:30;146342465155633;Hideo;idea64.exe;0.0;5.94;chrome.exe;0.0;1.69;Code.exe;108.6;4.62;chrome.exe;0.0;1.87;Code.exe;0.0;0.75;jetbrains-toolbox.exe;0.0;0.87;chrome.exe;0.0;1.88;Code.exe;0.0;0.77;MsMpEng.exe;0.0;2.77;Notion.exe;0.0;1.93
19-11-2025 12:04:31;146342465155633;Hideo;idea64.exe;0.0;5.95;chrome.exe;0.0;1.69;Code.exe;93.4;4.73;chrome.exe;0.0;1.87;Code.exe;0.0;0.75;jetbrains-toolbox.exe;0.0;0.87;chrome.exe;0.0;1.88;Code.exe;0.0;0.77;MsMpEng.exe;94.0;2.74;Notion.exe;0.0;1.93
19-11-2025 12:04:33;146342465155633;Hideo;idea64.exe;0.0;5.95;chrome.exe;0.0;1.69;Code.exe;46.4;4.64;chrome.exe;0.0;1.87;Code.exe;0.0;0.75;jetbrains-toolbox.exe;0.0;0.97;chrome.exe;0.0;1.88;Code.exe;0.0;0.79;MsMpEng.exe;0.0;2.51;Notion.exe;0.0;1.93
19-11-2025 12:04:34;146342465155633;Hideo;idea64.exe;0.0;5.96;chrome.exe;0.0;1.69;Code.exe;140.2;4.57;chrome.exe;0.0;1.87;Code.exe;0.0;0.75;jetbrains-toolbox.exe;0.0;0.97;chrome.exe;0.0;1.88;Code.exe;0.0;0.79;MsMpEng.exe;14.2;2.51;Notion.exe;0.0;1.93
19-11-2025 12:04:35;146342465155633;Hideo;idea64.exe;0.0;5.96;chrome.exe;0.0;1.69;Code.exe;93.6;4.59;chrome.exe;0.0;1.87;Code.exe;0.0;0.75;jetbrains-toolbox.exe;0.0;0.97;chrome.exe;0.0;1.88;Code.exe;0.0;0.79;MsMpEng.exe;0.0;2.57;Notion.exe;0.0;1.93
19-11-2025 12:04:36;146342465155633;Hideo;idea64.exe;0.0;5.97;chrome.exe;0.0;1.69;Code.exe;77.9;4.66;chrome.exe;0.0;1.87;Code.exe;0.0;0.75;jetbrains-toolbox.exe;0.0;0.97;chrome.exe;0.0;1.91;Code.exe;0.0;0.79;MsMpEng.exe;14.1;2.48;Notion.exe;0.0;1.93
19-11-2025 12:04:37;146342465155633;Hideo;idea64.exe;0.0;6.07;chrome.exe;0.0;1.69;Code.exe;124.6;4.59;chrome.exe;0.0;1.87;Code.exe;0.0;0.75;jetbrains-toolbox.exe;0.0;0.97;chrome.exe;0.0;1.91;Code.exe;0.0;0.79;MsMpEng.exe;78.7;2.53;Notion.exe;0.0;1.93
19-11-2025 12:04:38;146342465155633;Hideo;idea64.exe;0.0;6.08;chrome.exe;0.0;1.69;Code.exe;77.8;4.63;chrome.exe;0.0;1.87;Code.exe;0.0;0.75;jetbrains-toolbox.exe;0.0;0.97;chrome.exe;0.0;1.91;Code.exe;0.0;0.79;MsMpEng.exe;0.0;2.51;Notion.exe;0.0;1.93
19-11-2025 12:04:39;146342465155633;Hideo;idea64.exe;0.0;6.08;chrome.exe;0.0;1.69;Code.exe;93.3;4.61;chrome.exe;0.0;1.87;Code.exe;0.0;0.75;jetbrains-toolbox.exe;0.0;0.97;chrome.exe;0.0;1.96;Code.exe;0.0;0.79;MsMpEng.exe;0.0;2.51;Notion.exe;0.0;1.93
19-11-2025 12:04:40;146342465155633;Hideo;idea64.exe;0.0;6.09;chrome.exe;0.0;1.69;Code.exe;93.4;4.71;chrome.exe;0.0;1.87;Code.exe;0.0;0.75;jetbrains-toolbox.exe;0.0;0.97;chrome.exe;0.0;1.97;Code.exe;0.0;0.79;MsMpEng.exe;0.0;2.51;Notion.exe;0.0;1.93
19-11-2025 12:04:41;146342465155633;Hideo;idea64.exe;0.0;6.09;chrome.exe;0.0;1.69;Code.exe;93.2;4.75;chrome.exe;0.0;1.87;Code.exe;0.0;0.75;jetbrains-toolbox.exe;0.0;0.97;chrome.exe;0.0;1.91;Code.exe;0.0;0.79;MsMpEng.exe;0.0;2.51;Notion.exe;0.0;1.93
19-11-2025 12:04:42;146342465155633;Hideo;idea64.exe;0.0;6.1;chrome.exe;0.0;1.69;Code.exe;109.2;4.68;chrome.exe;0.0;1.87;Code.exe;0.0;0.75;jetbrains-toolbox.exe;0.0;0.97;chrome.exe;0.0;1.91;Code.exe;0.0;0.79;MsMpEng.exe;57.7;2.53;Notion.exe;0.0;1.93
19-11-2025 12:04:43;146342465155633;Hideo;idea64.exe;0.0;6.1;chrome.exe;0.0;1.69;Code.exe;155.7;4.7;chrome.exe;0.0;1.87;Code.exe;0.0;0.75;jetbrains-toolbox.exe;0.0;0.98;chrome.exe;0.0;1.91;Code.exe;0.0;0.79;MsMpEng.exe;0.0;2.53;Notion.exe;0.0;1.93
19-11-2025 12:04:44;146342465155633;Hideo;idea64.exe;0.0;6.11;chrome.exe;0.0;1.69;Code.exe;109.1;4.63;chrome.exe;0.0;1.87;Code.exe;0.0;0.76;jetbrains-toolbox.exe;0.0;0.98;chrome.exe;0.0;1.91;Code.exe;0.0;0.79;MsMpEng.exe;0.0;2.53;Notion.exe;0.0;1.93
19-11-2025 12:04:45;146342465155633;Hideo;idea64.exe;15.5;6.11;chrome.exe;0.0;1.69;Code.exe;124.6;4.74;chrome.exe;0.0;1.87;Code.exe;0.0;0.88;jetbrains-toolbox.exe;0.0;0.98;chrome.exe;0.0;1.9;Code.exe;0.0;0.79;MsMpEng.exe;0.0;2.57;Notion.exe;0.0;1.93
19-11-2025 12:04:46;146342465155633;Hideo;idea64.exe;0.0;6.12;chrome.exe;0.0;1.69;Code.exe;15.5;4.66;chrome.exe;0.0;1.87;Code.exe;0.0;0.88;jetbrains-toolbox.exe;0.0;0.98;chrome.exe;0.0;1.9;Code.exe;0.0;0.79;MsMpEng.exe;0.0;2.56;Notion.exe;0.0;1.93
19-11-2025 12:04:47;146342465155633;Hideo;idea64.exe;0.0;6.12;chrome.exe;0.0;1.69;Code.exe;0.0;4.68;chrome.exe;0.0;1.87;Code.exe;0.0;0.88;jetbrains-toolbox.exe;0.0;0.98;chrome.exe;0.0;1.9;Code.exe;0.0;0.79;MsMpEng.exe;153.7;2.6;Notion.exe;0.0;1.93
